first_name,last_name,email,application_date,country,yoe,seniority,technology,code_challenge_score,technical_interview_score
Amely,Bins,zula_weissnat@hotmail.com,2019-06-19,Italy,30,Mid-Level,Sales,4,6
Lane,Frami,zula_satterfield@gmail.com,2020-12-16,Solomon Islands,30,Lead,System Administration,2,5
Addison,Johns,zula_mitchell33@yahoo.com,2018-07-09,Kuwait,10,Intern,Technical Writing,6,10
Chelsey,Boehm,zula_maggio@gmail.com,2018-01-14,Guyana,21,Trainee,Business Analytics / Project Management,7,0
Lucie,Conroy,zula_lockman26@gmail.com,2020-07-11,Samoa,15,Mid-Level,Mulesoft,1,4
Nichole,Robel,zula_bruen56@yahoo.com,2020-01-30,Gibraltar,8,Architect,Sales,3,2
Green,Dach,zula_bauch42@yahoo.com,2020-05-07,Turks and Caicos Islands,15,Senior,Mulesoft,8,9
Maude,Gerhold,zula97@yahoo.com,2019-03-18,San Marino,2,Trainee,Business Analytics / Project Management,4,9
Aaliyah,Boyer,zula97@hotmail.com,2021-01-12,Equatorial Guinea,27,Trainee,Technical Writing,7,0
Juliana,Parisian,zula83@gmail.com,2018-02-03,Kuwait,4,Senior,Security,0,3
Kaia,Stamm,zula75@yahoo.com,2019-04-25,Montserrat,24,Junior,Development - CMS Frontend,7,7
Arvid,Schamberger,zula67@hotmail.com,2021-12-04,Japan,18,Mid-Level,Salesforce,9,1
Humberto,Ferry,zula47@hotmail.com,2018-08-17,Saint Helena,10,Trainee,Development - Frontend,10,2
Berta,McDermott,zula25@hotmail.com,2020-07-11,Bermuda,2,Architect,Social Media Community Management,10,9
Zoe,Koelpin,zula.wilkinson@hotmail.com,2019-10-14,Poland,8,Mid-Level,Salesforce,5,5
Josianne,Jones,zula.toy32@gmail.com,2021-09-05,Chile,5,Junior,QA Automation,8,9
Aubree,Collier,zula.prosacco76@hotmail.com,2018-02-02,Nepal,24,Architect,Sales,2,10
Cornelius,Durgan,zula.kertzmann70@gmail.com,2020-09-09,Montenegro,23,Lead,Technical Writing,1,2
Ward,DuBuque,zula.adams@yahoo.com,2021-08-31,Pakistan,11,Lead,Security Compliance,2,6
Carrie,Veum,zora_ullrich@hotmail.com,2019-03-04,Cote d'Ivoire,19,Lead,Business Intelligence,3,2
Faye,Upton,zora_terry@yahoo.com,2018-02-13,Philippines,5,Senior,Salesforce,10,9
Florida,Brekke,zora_quitzon@yahoo.com,2019-04-20,Hong Kong,2,Lead,Technical Writing,1,10
Nigel,Labadie,zora_morar@gmail.com,2021-07-31,Togo,25,Intern,Social Media Community Management,1,8
Kyle,Harris,zora_marvin16@yahoo.com,2021-04-07,Singapore,27,Lead,Adobe Experience Manager,3,0
Lucienne,Pfeffer,zora_homenick@gmail.com,2022-02-05,Vietnam,13,Mid-Level,Development - FullStack,5,7
Scot,Smith,zora_ankunding@yahoo.com,2018-06-24,Luxembourg,14,Lead,Database Administration,10,1
Lance,Schaden,zora68@yahoo.com,2019-01-12,Macedonia,1,Senior,Business Intelligence,8,5
Buddy,Haag,zora3@gmail.com,2020-08-20,Bermuda,23,Intern,Game Development,7,5
Rafael,Roob,zora27@gmail.com,2022-03-26,Bhutan,6,Junior,Security Compliance,10,6
Susana,Williamson,zora11@gmail.com,2019-12-27,Mexico,4,Architect,Technical Writing,0,3
Anabel,Johnson,zora10@gmail.com,2018-03-23,Saint Pierre and Miquelon,11,Architect,Design,4,0
Margret,Stokes,zora.kozey80@yahoo.com,2019-08-15,Romania,14,Intern,Technical Writing,9,3
Jalyn,Hirthe,zora.jenkins49@yahoo.com,2019-03-10,Cote d'Ivoire,8,Mid-Level,Adobe Experience Manager,3,4
Marlee,Lynch,zora.heathcote87@gmail.com,2018-10-03,Equatorial Guinea,13,Trainee,Sales,8,7
Nathen,Johns,zola_zulauf9@yahoo.com,2022-01-29,Senegal,13,Architect,Development - CMS Frontend,10,9
Garfield,O'Keefe,zola_okon@gmail.com,2018-02-22,Afghanistan,22,Mid-Level,Game Development,3,10
Vallie,Gutmann,zola_hermiston63@gmail.com,2021-04-27,Heard Island and McDonald Islands,10,Intern,Development - Backend,1,2
Wilber,Schoen,zola_gleason31@hotmail.com,2019-11-22,United Arab Emirates,22,Trainee,Salesforce,9,8
Fabiola,Green,zola_bailey3@hotmail.com,2018-11-13,Montserrat,25,Intern,Salesforce,9,9
Gail,Cassin,zola9@gmail.com,2020-09-26,Holy See (Vatican City State),20,Senior,Development - Backend,1,5
Jessyca,Tillman,zola98@gmail.com,2021-08-29,Antigua and Barbuda,24,Mid-Level,Development - Frontend,2,2
Blaze,Breitenberg,zola75@yahoo.com,2018-09-09,Saint Barthelemy,29,Lead,Business Intelligence,1,6
Carmel,Williamson,zola75@hotmail.com,2022-03-22,Guadeloupe,14,Junior,System Administration,2,5
Kara,Spencer,zola59@yahoo.com,2019-02-11,Senegal,14,Trainee,Business Intelligence,6,6
Johnathon,Johnson,zola45@gmail.com,2021-12-22,Russian Federation,25,Lead,Security Compliance,4,2
Dion,Baumbach,zola39@gmail.com,2018-11-29,Uruguay,2,Intern,QA Manual,0,6
Verona,Donnelly,zola19@hotmail.com,2018-09-26,Saint Kitts and Nevis,24,Senior,Business Analytics / Project Management,8,8
Elaina,Huel,zola18@yahoo.com,2020-07-31,Kyrgyz Republic,2,Junior,Sales,3,9
Glenna,Pollich,zola11@hotmail.com,2019-11-08,Kyrgyz Republic,12,Senior,Adobe Experience Manager,7,6
Gia,Wisoky,zola.terry56@gmail.com,2019-09-04,Libyan Arab Jamahiriya,20,Senior,Development - CMS Backend,9,1
Uriah,Windler,zola.lehner85@gmail.com,2020-01-29,Vanuatu,29,Trainee,Business Intelligence,7,2
Ida,Ziemann,zola.bayer@hotmail.com,2020-02-27,Tajikistan,25,Architect,Database Administration,3,2
Bonita,Gerlach,zoila_pfannerstill69@gmail.com,2019-11-04,Heard Island and McDonald Islands,10,Lead,Social Media Community Management,10,4
Brandyn,Von,zoila_huel@yahoo.com,2019-06-16,Costa Rica,26,Intern,Technical Writing,4,0
Mathias,Donnelly,zoila_crist@hotmail.com,2019-12-03,Cote d'Ivoire,23,Intern,System Administration,9,0
Rocky,Marvin,zoila_bernhard99@gmail.com,2018-08-13,Hungary,27,Intern,Salesforce,1,7
Santiago,Dooley,zoila8@hotmail.com,2020-03-22,Saint Lucia,25,Trainee,Development - FullStack,2,7
Noemie,Quigley,zoila43@yahoo.com,2022-02-04,Colombia,18,Trainee,Technical Writing,2,2
Hermina,Kulas,zoila0@hotmail.com,2020-02-17,Finland,12,Intern,Security,0,5
Cecil,Mosciski,zoila.will@gmail.com,2019-11-28,Saint Vincent and the Grenadines,9,Junior,Development - Frontend,4,4
Daniella,Quigley,zoila.pagac@hotmail.com,2020-12-28,Moldova,19,Trainee,Security Compliance,1,5
Abel,Roberts,zoila.mueller@gmail.com,2022-05-23,Bahamas,6,Architect,Data Engineer,4,1
Erick,Marvin,zoila.gleason@gmail.com,2022-06-13,Belgium,22,Intern,Client Success,9,2
Owen,Green,zoila.dickinson@hotmail.com,2020-01-03,Costa Rica,26,Trainee,Client Success,10,1
Leora,Block,zoila.dickinson90@hotmail.com,2021-03-15,Georgia,29,Lead,Business Analytics / Project Management,1,4
Stanley,Funk,zoila.conroy68@gmail.com,2021-08-03,Republic of Korea,19,Senior,System Administration,10,3
Abdul,Dickens,zoie_price@hotmail.com,2020-07-29,Uganda,17,Mid-Level,Security,0,2
Wilson,Gerlach,zoie_parisian@yahoo.com,2021-07-07,New Caledonia,6,Intern,Development - Frontend,8,4
Vesta,Koch,zoie_hodkiewicz@gmail.com,2022-04-17,Lebanon,23,Intern,Mulesoft,4,0
Allison,Howe,zoie_heidenreich@gmail.com,2020-10-10,Dominican Republic,26,Trainee,Business Intelligence,3,0
August,Schultz,zoie_gibson@gmail.com,2022-06-24,El Salvador,16,Intern,QA Automation,9,8
Sienna,Simonis,zoie95@hotmail.com,2018-07-13,Kiribati,22,Architect,Development - CMS Frontend,6,7
Rupert,Lockman,zoie54@gmail.com,2018-01-18,Togo,22,Senior,Database Administration,6,9
Lowell,Lueilwitz,zoie51@hotmail.com,2019-06-02,Nauru,15,Lead,DevOps,4,9
Aditya,Altenwerth,zoie18@gmail.com,2021-10-19,Israel,14,Mid-Level,Business Analytics / Project Management,10,2
Jennyfer,McLaughlin,zoie.parker@gmail.com,2018-02-18,Svalbard & Jan Mayen Islands,22,Lead,Data Engineer,4,1
Spencer,Boyle,zoie.koelpin41@yahoo.com,2022-03-13,Belarus,5,Junior,DevOps,10,8
Jordy,Harber,zoie.hauck@yahoo.com,2022-02-28,South Georgia and the South Sandwich Islands,25,Junior,QA Manual,7,7
Demond,Becker,zoie.greenfelder@gmail.com,2018-11-10,Mali,10,Trainee,Development - CMS Frontend,10,10
Cullen,Schamberger,zoie.ebert@gmail.com,2018-06-02,Somalia,21,Lead,Development - CMS Frontend,6,0
Baylee,Grimes,zoey_stark@yahoo.com,2020-12-09,Guernsey,22,Intern,Game Development,4,7
Sandra,Veum,zoey_rogahn47@gmail.com,2021-04-19,Sierra Leone,10,Intern,Social Media Community Management,0,5
Pink,McCullough,zoey_kreiger@gmail.com,2020-02-10,Dominican Republic,14,Intern,Design,3,0
Marley,Robel,zoey_jast@hotmail.com,2020-10-13,Bulgaria,27,Trainee,QA Automation,6,6
Myrtice,Koepp,zoey_feeney@hotmail.com,2018-09-05,Bangladesh,7,Architect,Data Engineer,6,5
Will,Schneider,zoey_dooley27@gmail.com,2019-10-19,Yemen,9,Senior,Client Success,4,1
Colt,Fritsch,zoey_cummings@yahoo.com,2022-05-07,Jordan,11,Architect,Development - Backend,5,2
Alan,Hilll,zoey_casper@yahoo.com,2019-04-15,Mongolia,30,Senior,Data Engineer,9,1
Kali,Cronin,zoey_breitenberg@yahoo.com,2021-08-21,Rwanda,29,Trainee,Adobe Experience Manager,8,1
Garret,Welch,zoey93@gmail.com,2019-11-23,Ghana,16,Trainee,Business Intelligence,2,3
Ofelia,Windler,zoey89@hotmail.com,2019-10-20,Namibia,20,Architect,Sales,7,0
Josie,Senger,zoey69@gmail.com,2018-06-19,Burkina Faso,20,Lead,Development - FullStack,2,6
Rosina,Abshire,zoey65@yahoo.com,2021-12-16,Saint Martin,27,Intern,Development - Frontend,1,10
Eldridge,Dietrich,zoey49@yahoo.com,2022-04-22,Croatia,8,Trainee,Development - Backend,1,8
Marcelle,Erdman,zoey40@hotmail.com,2022-01-14,Spain,1,Mid-Level,Technical Writing,2,9
Domenico,Metz,zoey.macgyver12@gmail.com,2018-05-03,Republic of Korea,23,Intern,Adobe Experience Manager,10,3
Jessie,Labadie,zoey.leannon88@yahoo.com,2018-09-29,Sudan,30,Senior,QA Manual,5,5
Rahsaan,Wiegand,zoey.kertzmann10@gmail.com,2019-04-19,Democratic People's Republic of Korea,2,Lead,Mulesoft,5,7
Jazmin,Hayes,zoey.jerde38@yahoo.com,2021-11-02,Estonia,14,Intern,Design,0,1
Bernadette,Ledner,zoey.connelly@hotmail.com,2020-07-09,Uruguay,20,Mid-Level,Security,4,0
Caroline,Willms,zoey.collins23@yahoo.com,2022-04-05,Vietnam,26,Lead,DevOps,9,2
Rachel,Heathcote,zoe_rodriguez47@yahoo.com,2019-05-10,French Guiana,0,Senior,Database Administration,3,0
Nova,Beatty,zoe_herman@hotmail.com,2019-02-01,Bangladesh,11,Senior,Game Development,10,9
Malachi,Hermiston,zoe_hane@yahoo.com,2018-04-16,Swaziland,6,Junior,Adobe Experience Manager,7,3
Luciano,Borer,zoe_flatley50@hotmail.com,2021-10-27,Norfolk Island,3,Senior,DevOps,5,6
Evalyn,Corkery,zoe_ankunding69@gmail.com,2019-05-19,Mayotte,13,Trainee,Database Administration,3,7
Marisol,Kiehn,zoe80@yahoo.com,2018-12-07,Aruba,8,Senior,Security,8,1
Vickie,Windler,zoe53@hotmail.com,2021-03-31,Vanuatu,0,Mid-Level,Sales,4,3
Sadye,Kub,zoe45@gmail.com,2020-05-16,Congo,12,Mid-Level,Development - CMS Frontend,4,6
Darion,Walsh,zoe25@hotmail.com,2020-08-13,United States Minor Outlying Islands,7,Junior,Development - CMS Backend,9,2
Gay,Gibson,zoe22@yahoo.com,2021-05-12,Italy,26,Lead,Business Intelligence,9,1
Claudie,Moen,zoe.senger32@hotmail.com,2021-11-27,Trinidad and Tobago,5,Senior,Adobe Experience Manager,0,9
Ubaldo,Johnston,zoe.nicolas@gmail.com,2022-02-11,Belgium,22,Mid-Level,Development - CMS Backend,3,8
Scottie,Sporer,zoe.legros6@gmail.com,2018-07-15,Netherlands Antilles,23,Trainee,Design,0,1
Bonnie,Christiansen,zoe.gerlach@hotmail.com,2021-12-10,Uzbekistan,8,Architect,Security,6,9
Camryn,Cassin,zoe.farrell10@gmail.com,2022-05-01,Syrian Arab Republic,29,Intern,Development - CMS Backend,2,0
Raheem,Hickle,zita_runolfsson55@yahoo.com,2020-05-15,Tanzania,23,Architect,DevOps,8,0
Ronny,Yundt,zita_oconnell@gmail.com,2020-03-31,Afghanistan,3,Architect,Salesforce,0,2
Dora,Wisozk,zita_kuhic93@yahoo.com,2018-11-01,Swaziland,23,Trainee,Mulesoft,2,2
Nathen,Crona,zita_howe95@hotmail.com,2019-12-24,Faroe Islands,16,Mid-Level,Security Compliance,4,10
Bert,Marvin,zita89@gmail.com,2019-05-31,Kyrgyz Republic,13,Lead,Development - CMS Frontend,10,5
Cecilia,Schamberger,zita36@gmail.com,2022-03-02,Fiji,16,Trainee,Security Compliance,5,1
Mayra,Homenick,zita1@gmail.com,2018-12-08,Cayman Islands,17,Trainee,Design,1,4
Meaghan,O'Keefe,zita18@gmail.com,2020-03-12,South Africa,3,Intern,System Administration,7,7
Precious,Champlin,zita16@yahoo.com,2022-04-18,Guadeloupe,29,Junior,Sales,3,0
Arvel,Sporer,zita12@gmail.com,2019-10-16,Egypt,19,Junior,Development - CMS Frontend,2,0
Hillary,Hagenes,zita.ullrich13@gmail.com,2018-04-10,Albania,23,Junior,Salesforce,4,7
Caroline,Powlowski,zita.lindgren26@yahoo.com,2021-05-16,British Indian Ocean Territory (Chagos Archipelago),1,Mid-Level,Adobe Experience Manager,3,1
Joy,Pouros,zita.leannon@hotmail.com,2018-03-16,Mozambique,8,Intern,QA Automation,4,8
Estella,Borer,zita.koch64@gmail.com,2018-11-23,Martinique,21,Intern,Security,3,1
Enos,Conroy,zita.grady26@hotmail.com,2020-02-29,Slovenia,7,Intern,Development - FullStack,3,5
Lori,Goyette,zita.gerhold22@gmail.com,2020-03-15,French Polynesia,30,Senior,Development - CMS Backend,1,4
Mallory,Bergnaum,zita.bosco@gmail.com,2018-12-07,Egypt,6,Intern,QA Manual,7,7
Aron,Nader,zion_stark13@gmail.com,2020-03-19,Japan,26,Junior,QA Manual,7,7
Meta,Maggio,zion_kemmer@gmail.com,2021-09-01,Djibouti,23,Lead,DevOps,3,10
Laurence,Grady,zion_hettinger90@yahoo.com,2020-04-13,Hungary,14,Mid-Level,System Administration,7,10
Norval,Murphy,zion_ankunding75@gmail.com,2022-03-03,Chad,10,Trainee,QA Automation,1,5
Chadrick,Orn,zion90@yahoo.com,2022-04-07,Bahrain,25,Trainee,Adobe Experience Manager,0,1
Cole,Hessel,zion90@gmail.com,2018-06-24,Mexico,30,Intern,Development - CMS Frontend,0,0
Neva,Bergstrom,zion65@yahoo.com,2021-05-11,Malawi,14,Mid-Level,Development - Frontend,6,8
Addison,Stoltenberg,zion5@gmail.com,2019-11-08,Saint Vincent and the Grenadines,9,Mid-Level,Sales,8,9
Laverna,Batz,zion54@yahoo.com,2022-02-03,Aruba,4,Mid-Level,Business Analytics / Project Management,5,2
Mara,Lueilwitz,zion52@gmail.com,2021-03-06,Liberia,7,Junior,System Administration,6,3
Mafalda,Friesen,zion.willms@hotmail.com,2021-08-01,Qatar,14,Architect,Development - Frontend,0,8
Reymundo,Cummings,zion.schuppe44@gmail.com,2020-06-22,Honduras,14,Architect,Salesforce,2,0
Rick,Bednar,zion.parisian56@hotmail.com,2021-07-28,Netherlands,13,Lead,Development - CMS Backend,9,10
Candace,Muller,zion.larkin@hotmail.com,2019-03-25,Belarus,9,Architect,QA Automation,6,9
Kennith,Baumbach,zion.langosh73@hotmail.com,2019-01-25,Holy See (Vatican City State),13,Lead,Development - Backend,4,4
Russ,Kulas,zion.daniel@gmail.com,2019-11-12,Moldova,14,Intern,DevOps,4,8
Mabelle,Price,zion.cassin@yahoo.com,2022-01-02,Nepal,5,Intern,Development - Frontend,10,3
Casandra,Little,zetta_schoen15@gmail.com,2018-08-18,Norfolk Island,12,Junior,Security,9,5
Joy,Raynor,zetta_lesch@yahoo.com,2018-02-13,Djibouti,10,Trainee,Business Analytics / Project Management,5,7
Wilburn,Stamm,zetta_hilll92@hotmail.com,2020-12-02,Brunei Darussalam,2,Intern,DevOps,3,0
Bernice,Reynolds,zetta_greenholt73@yahoo.com,2018-03-17,Saint Martin,9,Mid-Level,Development - Backend,3,10
Evans,Lehner,zetta_green@yahoo.com,2020-02-23,Italy,17,Architect,Client Success,1,7
Alessandro,Flatley,zetta_friesen93@gmail.com,2021-10-30,Madagascar,28,Trainee,Sales,9,2
Lori,Beahan,zetta_franecki@yahoo.com,2021-07-04,Peru,28,Architect,Client Success,1,0
Cara,Miller,zetta_effertz@hotmail.com,2020-05-21,Latvia,22,Intern,DevOps,4,8
Celia,Jenkins,zetta78@gmail.com,2018-02-03,Iceland,24,Trainee,Development - FullStack,4,1
Alvah,Auer,zetta63@yahoo.com,2020-10-29,Slovakia (Slovak Republic),21,Lead,Business Intelligence,5,3
Dessie,VonRueden,zetta47@gmail.com,2019-07-08,Liechtenstein,27,Lead,Social Media Community Management,8,8
Devonte,Little,zetta37@hotmail.com,2020-04-06,Democratic People's Republic of Korea,25,Lead,Data Engineer,1,5
Adelbert,Sawayn,zetta35@gmail.com,2018-07-11,Guadeloupe,7,Trainee,Business Intelligence,5,7
Vita,Schmeler,zetta.mante5@hotmail.com,2020-02-05,Guadeloupe,9,Mid-Level,Adobe Experience Manager,10,10
Alvis,Moen,zetta.leannon@gmail.com,2019-01-01,British Indian Ocean Territory (Chagos Archipelago),4,Junior,Development - CMS Frontend,2,0
Elijah,Witting,zetta.jacobi45@yahoo.com,2020-06-14,New Zealand,25,Mid-Level,Game Development,0,8
Louie,Ward,zetta.denesik63@hotmail.com,2021-05-12,Cook Islands,30,Trainee,Salesforce,2,10
Lukas,Keeling,zena_treutel59@gmail.com,2018-12-12,Comoros,12,Lead,Development - Frontend,2,4
Georgette,Rolfson,zena_moen@yahoo.com,2020-08-13,United Arab Emirates,26,Mid-Level,Social Media Community Management,2,5
Dino,Klocko,zena_gleichner@yahoo.com,2022-05-30,Venezuela,29,Junior,Security Compliance,5,5
Thalia,Maggio,zena_flatley16@gmail.com,2019-10-03,Spain,1,Mid-Level,Data Engineer,7,1
Adela,Bogan,zena_altenwerth@yahoo.com,2022-05-30,Ethiopia,27,Mid-Level,Client Success,10,2
Virginia,Kutch,zena95@yahoo.com,2021-04-19,Fiji,21,Lead,Security,9,3
Valentina,Lindgren,zena73@hotmail.com,2020-07-10,Argentina,16,Intern,Development - CMS Backend,10,4
Casimir,Bayer,zena56@hotmail.com,2021-01-02,Svalbard & Jan Mayen Islands,23,Architect,System Administration,5,4
Estevan,Mohr,zena29@yahoo.com,2020-11-17,Guadeloupe,23,Senior,DevOps,4,2
Domenico,Considine,zena12@gmail.com,2021-05-05,Burkina Faso,27,Junior,Business Analytics / Project Management,3,1
Donald,Schneider,zena.tillman45@yahoo.com,2021-01-01,Mali,3,Junior,Social Media Community Management,2,3
Ted,Bailey,zena.labadie@hotmail.com,2018-12-08,Cote d'Ivoire,13,Mid-Level,Client Success,4,1
Brett,Kuvalis,zena.huel@yahoo.com,2021-04-28,Sweden,15,Junior,Data Engineer,10,6
Nikki,Hessel,zena.hammes@gmail.com,2019-04-23,Seychelles,19,Lead,DevOps,2,5
Jamison,Green,zelma_heller48@yahoo.com,2020-12-05,Iraq,26,Architect,Business Analytics / Project Management,3,5
Arnoldo,Reinger,zelma98@hotmail.com,2018-08-18,Finland,9,Lead,Database Administration,10,6
Camylle,Bernier,zelma87@yahoo.com,2021-10-04,French Southern Territories,4,Architect,Adobe Experience Manager,6,8
Diamond,Bailey,zelma85@hotmail.com,2020-12-31,Kazakhstan,30,Senior,Client Success,10,7
Angelo,Swaniawski,zelma32@hotmail.com,2019-08-17,Comoros,17,Intern,Security,8,7
Nat,Mitchell,zelma25@hotmail.com,2019-01-09,Marshall Islands,14,Junior,Development - Backend,4,8
Geraldine,Harris,zelma17@gmail.com,2019-08-27,Fiji,21,Senior,Security,6,5
Olen,Anderson,zelma.durgan41@gmail.com,2018-04-05,Tanzania,26,Junior,Security,2,6
Vesta,Cassin,zelma.baumbach6@yahoo.com,2019-02-18,Iceland,6,Architect,Development - Frontend,7,3
Carolyne,Rolfson,zella_yundt17@yahoo.com,2019-02-02,Brazil,13,Architect,Development - FullStack,9,9
Bertrand,Hartmann,zella_runolfsson@gmail.com,2022-06-13,Portugal,12,Architect,Development - FullStack,3,2
Aliza,Batz,zella_renner@yahoo.com,2020-10-13,El Salvador,16,Senior,QA Automation,0,0
Syble,Treutel,zella_mann@yahoo.com,2021-05-25,Turkey,12,Trainee,Technical Writing,8,1
Adah,Will,zella_langosh91@yahoo.com,2022-06-11,Rwanda,2,Mid-Level,Development - CMS Backend,8,3
Nina,Walsh,zella_keeling@gmail.com,2019-06-23,Vanuatu,16,Mid-Level,Development - Backend,1,3
Kathleen,Donnelly,zella_kassulke68@gmail.com,2019-11-01,Argentina,10,Mid-Level,Business Intelligence,6,8
Kurt,Bartell,zella71@yahoo.com,2018-06-13,Rwanda,28,Mid-Level,QA Manual,5,1
Maeve,Gaylord,zella70@gmail.com,2019-01-13,Trinidad and Tobago,19,Lead,Security,8,10
Stephanie,Goyette,zella57@gmail.com,2020-05-28,Poland,5,Lead,QA Automation,10,4
Elyssa,Stark,zella54@yahoo.com,2022-03-20,Saint Pierre and Miquelon,22,Junior,Development - Backend,9,5
Jacinto,Kohler,zella49@hotmail.com,2022-05-14,Norfolk Island,21,Lead,Client Success,7,1
Arne,Marvin,zella47@yahoo.com,2019-02-05,Montserrat,14,Junior,Social Media Community Management,10,6
Keshaun,Donnelly,zella3@yahoo.com,2018-10-19,Tonga,4,Senior,Development - CMS Frontend,9,9
Emmett,Tillman,zella35@yahoo.com,2019-11-12,Bulgaria,20,Lead,Client Success,0,6
Donald,Koss,zella26@yahoo.com,2020-06-12,Solomon Islands,11,Intern,Development - CMS Backend,0,8
Clementina,Gleason,zella.rice6@yahoo.com,2020-09-27,Netherlands,28,Mid-Level,Security,10,2
Giuseppe,Koepp,zella.reinger66@yahoo.com,2020-03-21,Estonia,28,Senior,Development - CMS Backend,4,9
Effie,Aufderhar,zella.kuhic@yahoo.com,2018-02-07,Maldives,11,Senior,QA Automation,9,6
Dorian,Stoltenberg,zella.hilpert78@yahoo.com,2018-09-11,Mozambique,23,Junior,Database Administration,0,3
Holly,Homenick,zella.heaney16@hotmail.com,2018-09-21,Senegal,12,Junior,Technical Writing,7,3
Marc,Schamberger,zella.barrows23@yahoo.com,2020-01-08,Georgia,17,Intern,Development - CMS Backend,8,8
Elian,Welch,zelda_volkman77@yahoo.com,2021-08-14,Christmas Island,7,Lead,Client Success,4,1
Gennaro,Hoeger,zelda_mitchell@yahoo.com,2018-12-04,Liechtenstein,20,Junior,System Administration,7,2
Pamela,Metz,zelda_langworth@yahoo.com,2021-12-29,San Marino,26,Junior,System Administration,7,5
Burley,Botsford,zelda_christiansen90@hotmail.com,2022-06-16,Mauritania,11,Architect,Development - CMS Frontend,8,5
Bernie,Steuber,zelda_casper15@gmail.com,2022-03-29,Tonga,22,Senior,Business Intelligence,8,4
Alda,Cruickshank,zelda74@gmail.com,2021-02-06,Turkey,30,Lead,Client Success,7,8
Camryn,Reynolds,zelda56@hotmail.com,2021-09-09,Panama,10,Intern,Data Engineer,2,10
Elyse,Mueller,zelda40@hotmail.com,2020-05-11,Bouvet Island (Bouvetoya),19,Lead,DevOps,4,1
Collin,Marks,zelda36@gmail.com,2018-02-01,Hungary,16,Mid-Level,Sales,0,1
Mabelle,Reilly,zelda23@hotmail.com,2021-03-20,Belarus,26,Mid-Level,DevOps,2,1
Darwin,Mueller,zelda22@gmail.com,2021-11-16,Belgium,27,Intern,Business Analytics / Project Management,1,9
Miller,Rodriguez,zelda12@hotmail.com,2018-06-18,Lao People's Democratic Republic,4,Trainee,Salesforce,6,5
Constantin,Weissnat,zechariah_von35@yahoo.com,2018-06-13,Serbia,5,Senior,Business Analytics / Project Management,2,9
Candelario,Kuhn,zechariah_schmeler75@yahoo.com,2018-11-15,Mali,6,Mid-Level,Development - Frontend,5,1
Adelia,Lockman,zechariah_schaefer13@hotmail.com,2021-08-01,Lithuania,11,Intern,Database Administration,2,9
Lyda,Waters,zechariah_rodriguez@hotmail.com,2018-11-22,Algeria,20,Trainee,Development - Frontend,6,7
Karelle,Block,zechariah_hilpert62@hotmail.com,2021-08-08,Nepal,21,Lead,Sales,8,4
Terrence,Fay,zechariah88@hotmail.com,2020-10-16,Fiji,10,Junior,Security,7,2
Dortha,Windler,zechariah76@gmail.com,2020-08-29,San Marino,6,Mid-Level,Security Compliance,3,1
Frank,Feil,zechariah57@gmail.com,2018-02-24,Portugal,14,Lead,Social Media Community Management,9,2
Buster,O'Hara,zechariah28@yahoo.com,2018-12-30,Belgium,14,Trainee,Social Media Community Management,8,1
Aleen,O'Conner,zechariah26@hotmail.com,2022-06-29,Niger,1,Intern,Development - Backend,6,3
Ashton,Grady,zechariah.rowe@gmail.com,2022-04-17,Bolivia,14,Lead,Social Media Community Management,9,5
Kathlyn,Rice,zechariah.macgyver2@gmail.com,2022-05-25,Colombia,19,Mid-Level,Game Development,0,6
Dolly,Okuneva,zechariah.labadie@gmail.com,2018-10-12,Ethiopia,6,Mid-Level,Game Development,6,8
Icie,Huels,zechariah.kuhic@hotmail.com,2021-07-29,New Zealand,19,Intern,System Administration,8,6
Sunny,Veum,zechariah.jaskolski@yahoo.com,2021-11-04,Pakistan,24,Junior,Security,9,4
Raven,Braun,zechariah.hammes@yahoo.com,2021-08-17,Lesotho,16,Architect,Design,5,8
Arlie,Satterfield,zechariah.denesik@yahoo.com,2021-04-06,Saudi Arabia,30,Intern,Development - Backend,4,0
Nathen,Graham,zechariah.blanda30@yahoo.com,2021-09-11,Jersey,2,Junior,Technical Writing,2,5
Alena,Kozey,zaria_cole93@gmail.com,2021-07-31,Russian Federation,3,Intern,Adobe Experience Manager,6,10
Murphy,Torp,zaria_barton@gmail.com,2020-07-10,Guernsey,23,Architect,Development - Backend,2,7
Hubert,Shields,zaria99@gmail.com,2019-06-16,Pitcairn Islands,27,Intern,QA Manual,1,5
Felton,Gibson,zaria53@yahoo.com,2019-01-12,Aruba,8,Architect,Game Development,2,8
Domenic,Powlowski,zaria52@hotmail.com,2021-12-23,United Kingdom,12,Junior,Development - Frontend,5,4
Maude,Kiehn,zaria32@hotmail.com,2022-05-31,Monaco,21,Architect,Development - FullStack,7,8
Deangelo,Cummings,zaria23@hotmail.com,2018-11-26,Switzerland,29,Junior,Technical Writing,6,2
Emilie,Will,zaria22@gmail.com,2018-05-18,Guinea-Bissau,19,Mid-Level,Design,5,6
Xzavier,Emard,zaria.toy@yahoo.com,2020-09-29,Niger,25,Intern,Design,2,10
Emilio,Schaden,zaria.reilly@gmail.com,2018-05-18,Spain,12,Intern,Security,1,8
Eino,Stiedemann,zaria.mann86@hotmail.com,2020-10-23,Estonia,0,Junior,DevOps,1,3
Marc,Goodwin,zaria.johns33@yahoo.com,2021-03-08,Ethiopia,1,Junior,Data Engineer,3,9
Moshe,Krajcik,zaria.funk89@gmail.com,2019-12-06,Mayotte,1,Architect,Business Intelligence,5,8
Bonnie,Stamm,zane_raynor@hotmail.com,2021-11-09,Zambia,15,Senior,Development - CMS Backend,6,2
Fred,Schamberger,zane_muller@gmail.com,2021-02-05,San Marino,30,Intern,Social Media Community Management,2,9
Lorna,Veum,zane_king44@yahoo.com,2019-11-06,Germany,24,Mid-Level,Development - CMS Frontend,3,1
Karli,Stehr,zane_hagenes41@hotmail.com,2021-06-02,Samoa,3,Senior,Security Compliance,4,6
Aisha,Rowe,zane_dibbert@gmail.com,2021-08-15,Colombia,23,Lead,Sales,6,9
Otho,Nitzsche,zane_bartell@gmail.com,2019-03-26,Papua New Guinea,14,Intern,Data Engineer,1,9
Jasmin,Schaefer,zane_ankunding9@gmail.com,2019-06-30,Cape Verde,3,Senior,Game Development,7,7
Hortense,Rippin,zane35@yahoo.com,2018-05-09,Brunei Darussalam,14,Intern,Development - CMS Frontend,2,2
Mandy,Herman,zane33@hotmail.com,2021-07-23,Lao People's Democratic Republic,24,Trainee,Development - CMS Backend,9,8
Mireya,Metz,zane20@hotmail.com,2020-01-02,Serbia,9,Architect,Salesforce,4,1
Rachael,Klein,zane.sporer@hotmail.com,2021-08-20,Finland,10,Lead,Technical Writing,8,9
Anabel,Heller,zane.spencer52@gmail.com,2020-01-20,South Africa,21,Junior,DevOps,4,1
Garrison,Vandervort,zane.shanahan53@yahoo.com,2021-07-15,French Polynesia,24,Architect,Game Development,4,9
Lionel,Hegmann,zane.pagac97@yahoo.com,2021-03-03,Benin,6,Junior,Sales,7,3
Alicia,Pagac,zane.osinski61@gmail.com,2019-12-07,United States Minor Outlying Islands,26,Architect,Mulesoft,3,10
Verda,Leuschke,zane.carter57@gmail.com,2022-04-09,Turks and Caicos Islands,4,Mid-Level,Social Media Community Management,4,3
Gertrude,DuBuque,zane.bode44@hotmail.com,2018-05-21,Nicaragua,27,Mid-Level,System Administration,9,6
Patience,Lemke,zane.blanda@gmail.com,2021-03-10,Israel,17,Senior,Development - FullStack,4,6
Wilfred,Bradtke,zane.bartell42@hotmail.com,2019-12-16,Saint Lucia,0,Senior,Adobe Experience Manager,6,7
Oscar,Waters,zander_wolff@yahoo.com,2020-09-25,Sao Tome and Principe,20,Lead,Development - CMS Frontend,3,4
Frederik,DuBuque,zander_spencer45@hotmail.com,2022-03-30,Tuvalu,25,Intern,Game Development,7,4
Agustina,Jacobi,zander93@hotmail.com,2018-11-07,Israel,8,Trainee,Development - Frontend,2,3
Otho,Bahringer,zander92@yahoo.com,2022-03-30,Thailand,3,Mid-Level,QA Automation,4,9
Dolores,Walter,zander83@yahoo.com,2021-03-07,Falkland Islands (Malvinas),17,Mid-Level,Security,5,0
Yasmine,Metz,zander81@hotmail.com,2020-08-24,Maldives,26,Trainee,Mulesoft,2,10
Arno,Cronin,zander7@gmail.com,2021-12-02,Cayman Islands,20,Trainee,DevOps,7,4
Sibyl,Padberg,zander41@yahoo.com,2019-04-06,Botswana,16,Junior,DevOps,6,3
Ward,Runolfsdottir,zander24@yahoo.com,2020-06-28,Swaziland,8,Architect,Game Development,2,9
Rowan,Langworth,zander23@hotmail.com,2021-01-07,Lebanon,13,Intern,Social Media Community Management,2,3
Luella,Sporer,zander20@hotmail.com,2020-09-27,Heard Island and McDonald Islands,19,Lead,QA Manual,3,6
Eino,Paucek,zander18@yahoo.com,2021-09-02,Paraguay,20,Trainee,Business Intelligence,3,10
Demarco,Toy,zander.stark10@hotmail.com,2019-03-15,Suriname,5,Mid-Level,Mulesoft,1,3
Fredrick,Wunsch,zander.stamm20@hotmail.com,2018-01-23,Chile,21,Lead,Game Development,10,2
Gracie,Waelchi,zander.oberbrunner@gmail.com,2018-12-10,Sudan,12,Mid-Level,Technical Writing,7,10
Jacinto,Hoeger,zander.metz@yahoo.com,2019-02-21,Tuvalu,16,Mid-Level,Mulesoft,9,0
Maxwell,Fritsch,zakary_wolff59@yahoo.com,2020-04-15,Singapore,6,Intern,Game Development,10,4
Kristina,Ortiz,zakary_oberbrunner67@hotmail.com,2018-06-02,Pitcairn Islands,27,Intern,Database Administration,0,3
Emelie,Grady,zakary_kulas60@yahoo.com,2021-11-27,South Georgia and the South Sandwich Islands,16,Junior,Business Analytics / Project Management,10,8
Ward,Wilkinson,zakary_howell@hotmail.com,2021-10-29,Antarctica (the territory South of 60 deg S),23,Junior,Development - Backend,10,2
Cletus,Bernier,zakary_cronin9@gmail.com,2019-07-22,Maldives,21,Lead,Data Engineer,4,2
Carey,Adams,zakary_conn@gmail.com,2021-10-06,Austria,9,Trainee,Technical Writing,8,9
Moises,Frami,zakary85@gmail.com,2021-11-12,Austria,27,Mid-Level,Client Success,5,10
Anderson,Schneider,zakary77@yahoo.com,2018-05-18,Papua New Guinea,1,Senior,Security,0,8
Garth,Rosenbaum,zakary62@yahoo.com,2019-09-25,Bermuda,4,Senior,Design,6,0
Walter,Roberts,zakary46@gmail.com,2020-03-09,Timor-Leste,18,Junior,Security Compliance,9,0
Joy,White,zakary.stiedemann@yahoo.com,2018-08-21,Germany,10,Trainee,Security Compliance,6,3
Priscilla,Paucek,zakary.schneider9@yahoo.com,2022-05-04,Timor-Leste,1,Architect,Sales,2,10
Bradly,Leannon,zakary.quitzon47@hotmail.com,2019-08-16,Mauritania,17,Mid-Level,Development - Backend,5,6
Saul,Leannon,zakary.moen@gmail.com,2018-04-24,Vietnam,4,Junior,DevOps,9,10
Victoria,Medhurst,zakary.labadie61@hotmail.com,2022-01-21,Nepal,21,Trainee,Security,1,5
Kaya,Kling,zakary.hahn27@yahoo.com,2020-08-10,Nepal,23,Lead,Database Administration,6,10
Edd,Carter,zakary.hackett57@yahoo.com,2021-08-27,Ireland,14,Mid-Level,QA Manual,3,6
Misael,Tromp,zakary.crist27@yahoo.com,2018-03-19,Maldives,1,Intern,Client Success,4,1
Pete,Prohaska,zackery_swaniawski12@gmail.com,2019-07-27,Singapore,12,Mid-Level,Security Compliance,9,1
Michaela,Daniel,zackery_rath42@hotmail.com,2019-01-31,Angola,18,Architect,Security Compliance,7,9
Aidan,Schinner,zackery_mohr20@yahoo.com,2019-06-17,Chile,23,Senior,Development - Frontend,8,0
Columbus,Lind,zackery_huels68@gmail.com,2018-08-29,Lesotho,2,Intern,Development - Backend,6,5
Samir,Johnson,zackery_barrows@yahoo.com,2018-01-25,Sao Tome and Principe,12,Senior,QA Automation,6,6
Clarissa,Pollich,zackery99@gmail.com,2020-10-21,Macao,17,Intern,Development - CMS Backend,0,0
Bobby,Jacobson,zackery98@gmail.com,2021-12-07,Bahamas,10,Junior,Game Development,2,1
Clementine,Lakin,zackery83@gmail.com,2020-11-19,France,15,Mid-Level,Database Administration,0,10
Laila,Bradtke,zackery82@yahoo.com,2018-11-16,Congo,24,Architect,Business Intelligence,1,10
Adrian,Lemke,zackery82@gmail.com,2019-08-30,Belgium,4,Architect,DevOps,7,8
Rachelle,Olson,zackery.klein@yahoo.com,2021-12-14,Antigua and Barbuda,7,Architect,Salesforce,6,0
Hanna,Bauch,zackery.homenick77@hotmail.com,2018-04-16,Slovenia,7,Trainee,Sales,0,2
Holden,Kuhlman,zackery.bradtke@hotmail.com,2021-03-24,Dominican Republic,14,Senior,Development - FullStack,7,0
Orland,Keebler,zackary_vonrueden13@hotmail.com,2021-09-06,Libyan Arab Jamahiriya,19,Intern,QA Automation,9,6
Giovanni,VonRueden,zackary_towne18@hotmail.com,2021-05-13,Guyana,13,Trainee,Sales,0,5
Onie,Wilderman,zackary_shanahan29@gmail.com,2020-11-27,Isle of Man,8,Intern,Client Success,0,8
Dejuan,White,zackary_rippin16@yahoo.com,2021-01-19,Kuwait,29,Intern,QA Automation,8,10
Crystal,Senger,zackary_marvin@yahoo.com,2018-08-02,Gambia,28,Junior,Development - CMS Backend,1,7
Amparo,Schuster,zackary_cormier@hotmail.com,2019-08-13,Jordan,28,Senior,Security Compliance,5,5
Fern,Kunde,zackary95@gmail.com,2022-06-19,Ukraine,26,Architect,DevOps,7,6
Doris,Hickle,zackary69@hotmail.com,2018-11-20,Portugal,29,Lead,Mulesoft,1,2
Robert,Glover,zackary40@gmail.com,2021-10-02,Fiji,21,Junior,Salesforce,5,6
Tess,Zieme,zackary.schmidt6@gmail.com,2021-04-15,Burundi,21,Trainee,DevOps,7,10
Eleonore,Auer,zackary.ruecker@yahoo.com,2022-04-01,Timor-Leste,2,Lead,QA Automation,10,1
Timothy,Hilpert,zackary.rath@hotmail.com,2020-09-11,Italy,29,Junior,Development - Frontend,2,6
Elenor,Armstrong,zackary.lehner77@gmail.com,2018-11-21,Slovenia,16,Trainee,Development - CMS Frontend,7,6
Estel,Marquardt,zackary.kovacek@yahoo.com,2019-03-01,Sierra Leone,8,Junior,Design,3,1
Brandt,Bailey,zackary.heidenreich@hotmail.com,2018-04-05,Sudan,16,Architect,DevOps,5,7
Jaycee,Jakubowski,zackary.heathcote@gmail.com,2019-09-18,Andorra,28,Junior,Design,1,3
Mariah,Corwin,zackary.fritsch@gmail.com,2018-06-23,Finland,7,Architect,Salesforce,9,7
Janet,Corkery,zack_rutherford@hotmail.com,2021-03-11,American Samoa,30,Architect,DevOps,10,7
Sonya,King,zack_davis79@hotmail.com,2018-03-13,Hong Kong,19,Junior,Design,2,10
Kaela,Schimmel,zack_casper46@hotmail.com,2020-09-14,Saint Barthelemy,27,Junior,Development - Backend,8,7
Daija,McClure,zack_brown@hotmail.com,2021-04-24,Japan,0,Lead,Game Development,7,9
Hunter,Sawayn,zack86@hotmail.com,2018-02-14,Guadeloupe,24,Mid-Level,Client Success,1,5
Ahmad,Pacocha,zack67@gmail.com,2018-12-31,New Caledonia,9,Architect,Development - CMS Frontend,3,1
Eddie,Rosenbaum,zack.wolf80@hotmail.com,2018-07-17,Algeria,1,Intern,Development - CMS Backend,9,10
Chad,Stark,zack.sauer96@yahoo.com,2021-08-10,British Indian Ocean Territory (Chagos Archipelago),0,Lead,Game Development,1,2
Maryse,Braun,zack.quitzon@gmail.com,2020-06-07,Guyana,2,Mid-Level,Design,7,2
Vidal,Cronin,zack.moore@yahoo.com,2019-01-02,Jamaica,2,Architect,Game Development,9,6
Ollie,Emmerich,zack.mcdermott25@yahoo.com,2022-03-02,United States Minor Outlying Islands,1,Intern,Mulesoft,6,4
Kelton,Skiles,zack.cassin39@gmail.com,2020-07-05,Italy,4,Intern,Social Media Community Management,0,9
Hugh,McKenzie,zack.beier95@gmail.com,2020-04-06,Trinidad and Tobago,24,Senior,System Administration,10,8
Sarai,Pouros,zachery_vonrueden27@gmail.com,2022-06-05,Cape Verde,20,Lead,Development - FullStack,8,8
Gisselle,Kovacek,zachery_pagac@hotmail.com,2020-10-04,Lithuania,27,Architect,Social Media Community Management,3,8
Mafalda,Reichel,zachery_pacocha55@hotmail.com,2020-04-08,Djibouti,30,Trainee,Development - CMS Backend,1,7
Dedrick,Hintz,zachery_mcclure0@hotmail.com,2019-02-27,Chile,0,Trainee,Game Development,1,7
Jay,Rosenbaum,zachery_hudson63@hotmail.com,2018-12-26,Peru,17,Junior,Social Media Community Management,5,4
Jarvis,Morissette,zachery99@hotmail.com,2022-05-09,Vietnam,25,Intern,Mulesoft,1,1
Edgardo,Kohler,zachery86@yahoo.com,2022-06-13,Madagascar,24,Junior,Data Engineer,0,0
Anahi,Hahn,zachery86@yahoo.com,2022-01-28,Comoros,24,Senior,Development - CMS Frontend,0,6
Raymundo,Wintheiser,zachery76@gmail.com,2021-04-01,Djibouti,1,Lead,Development - Backend,4,0
Hector,Huel,zachery46@yahoo.com,2020-10-15,Ghana,9,Senior,Security,1,9
Annette,Carroll,zachery25@gmail.com,2020-07-25,Bangladesh,25,Trainee,Salesforce,10,4
Vance,Kuhic,zachery1@gmail.com,2019-12-27,Cook Islands,21,Mid-Level,Database Administration,10,2
Oran,Mueller,zachery18@yahoo.com,2018-12-01,Japan,17,Senior,Development - CMS Backend,8,9
Elfrieda,Franey,zachery17@yahoo.com,2020-05-19,Anguilla,5,Mid-Level,Security Compliance,2,1
Jane,Hickle,zachery16@yahoo.com,2020-03-28,Senegal,13,Senior,Game Development,2,2
Connor,Kirlin,zachery15@hotmail.com,2022-03-27,Turkmenistan,22,Lead,DevOps,1,9
Graciela,Jakubowski,zachery0@yahoo.com,2020-01-07,Cote d'Ivoire,8,Architect,DevOps,5,3
Maci,Reinger,zachery0@hotmail.com,2019-01-14,Austria,0,Architect,Sales,5,10
Domenica,Wisozk,zachery.wintheiser@gmail.com,2021-03-27,Guam,9,Architect,Security Compliance,2,10
Katlynn,Waelchi,zachery.schuppe77@hotmail.com,2018-11-21,Norway,7,Senior,Technical Writing,4,9
Jerad,Oberbrunner,zachery.schumm60@yahoo.com,2020-11-23,South Georgia and the South Sandwich Islands,1,Intern,Business Analytics / Project Management,7,10
Georgiana,Johnston,zachery.schiller1@hotmail.com,2020-08-28,Russian Federation,14,Senior,Technical Writing,10,0
Hallie,Connelly,zachery.konopelski@hotmail.com,2019-09-30,Thailand,25,Lead,Design,7,2
Esteban,Hills,zachery.crooks@gmail.com,2021-02-19,Samoa,20,Intern,Development - Backend,3,8
Jarred,Wunsch,zachary_waters@hotmail.com,2018-06-15,Dominica,1,Intern,Sales,10,5
Camille,Gutkowski,zachary_runte12@yahoo.com,2019-10-18,Turkey,17,Senior,Design,7,3
Joesph,Lang,zachary_ritchie39@yahoo.com,2021-04-25,Saint Helena,2,Junior,Security Compliance,7,0
Gisselle,Reinger,zachary_orn@hotmail.com,2022-01-08,Belarus,24,Junior,DevOps,9,5
Charity,Balistreri,zachary_dooley37@yahoo.com,2021-03-01,Denmark,20,Mid-Level,DevOps,5,3
Cristal,Ankunding,zachary_connelly19@hotmail.com,2021-09-08,Kyrgyz Republic,17,Trainee,DevOps,7,8
Hilda,Witting,zachary93@gmail.com,2018-10-21,Uruguay,3,Lead,Client Success,2,3
Keanu,D'Amore,zachary61@gmail.com,2019-12-28,Venezuela,2,Architect,QA Manual,10,8
Tyrel,Rohan,zachary53@hotmail.com,2022-02-28,South Georgia and the South Sandwich Islands,18,Mid-Level,Business Intelligence,7,3
Frederik,Stiedemann,zachary50@yahoo.com,2022-05-30,Cuba,10,Lead,Sales,8,2
Estevan,Will,zachary45@hotmail.com,2021-12-16,Denmark,5,Architect,Business Analytics / Project Management,3,4
Urban,Kreiger,zachary38@hotmail.com,2021-05-09,Egypt,5,Intern,Development - CMS Backend,6,10
Liam,Torp,zachary36@hotmail.com,2021-02-18,Liberia,12,Trainee,QA Manual,4,8
Daphney,Funk,zachary29@yahoo.com,2022-04-09,Senegal,17,Intern,Design,0,9
Carson,Klocko,zachary28@yahoo.com,2018-08-09,Barbados,21,Intern,System Administration,6,5
Oma,Torphy,zachary25@gmail.com,2022-06-29,Niue,20,Mid-Level,QA Manual,7,4
Joannie,Lowe,zachary14@yahoo.com,2019-11-06,Albania,1,Trainee,Security Compliance,7,3
Madalyn,Simonis,zachary.strosin63@yahoo.com,2020-01-01,New Caledonia,2,Junior,Game Development,4,2
Waino,Langworth,zachary.jacobs@yahoo.com,2018-10-27,Papua New Guinea,8,Junior,Technical Writing,10,0
Hilton,Doyle,zachary.harris58@yahoo.com,2018-06-19,Lesotho,20,Junior,Development - CMS Backend,10,0
Alena,Bartell,zachary.franey90@yahoo.com,2018-01-03,Finland,3,Junior,Development - CMS Backend,2,2
Yasmin,Trantow,zachary.franey45@yahoo.com,2021-04-24,Mexico,22,Architect,Business Analytics / Project Management,2,4
Eladio,Barton,zachary.cruickshank@hotmail.com,2022-01-22,Nepal,16,Mid-Level,Development - Frontend,2,4
Samir,Fahey,zachariah_ziemann40@gmail.com,2018-08-24,Guadeloupe,16,Mid-Level,Business Analytics / Project Management,3,5
Murray,Boyle,zachariah_schumm@yahoo.com,2019-05-16,Lesotho,2,Lead,Social Media Community Management,0,9
Mariana,Reilly,zachariah_rath@gmail.com,2020-11-22,Guyana,25,Senior,DevOps,3,5
Selina,Breitenberg,zachariah_heidenreich6@hotmail.com,2019-05-02,Denmark,13,Intern,Data Engineer,3,6
Della,Moen,zachariah_goldner91@yahoo.com,2020-01-05,Pitcairn Islands,4,Architect,Technical Writing,7,0
Retha,Pacocha,zachariah_doyle93@gmail.com,2019-07-11,French Polynesia,7,Senior,Game Development,5,5
Talon,Block,zachariah_bogan14@yahoo.com,2019-06-12,South Africa,17,Junior,Client Success,5,0
Antoinette,Howe,zachariah93@gmail.com,2020-09-14,Togo,13,Trainee,Social Media Community Management,2,6
Virgil,Tremblay,zachariah6@gmail.com,2021-08-23,Turks and Caicos Islands,13,Mid-Level,Sales,0,3
Meaghan,Beer,zachariah46@yahoo.com,2019-10-12,Antigua and Barbuda,11,Mid-Level,Data Engineer,4,5
Leda,Connelly,zachariah32@yahoo.com,2021-10-21,Sierra Leone,26,Lead,Design,0,10
Destin,Mann,zachariah27@hotmail.com,2019-05-23,Saint Lucia,24,Senior,Business Intelligence,2,7
Roel,Wolf,zachariah25@gmail.com,2021-11-21,Saint Kitts and Nevis,30,Lead,Security,9,9
Keanu,Smitham,zachariah15@hotmail.com,2020-05-17,Western Sahara,13,Intern,DevOps,7,0
Sim,Hessel,zachariah.thiel85@gmail.com,2019-10-23,Saint Helena,14,Mid-Level,Development - Backend,1,8
Kamren,Huels,zachariah.parisian68@hotmail.com,2021-12-20,Liberia,18,Mid-Level,System Administration,3,2
Keyon,Feil,zachariah.jacobs46@gmail.com,2020-05-13,Slovakia (Slovak Republic),28,Intern,Security Compliance,9,4
Uriah,Bernier,yvonne_barton@gmail.com,2022-03-16,Iraq,14,Junior,Mulesoft,9,8
Nasir,Ebert,yvonne_ankunding@hotmail.com,2018-10-08,Poland,6,Intern,Business Analytics / Project Management,0,7
Dedric,Strosin,yvonne8@yahoo.com,2022-03-12,Dominica,18,Intern,Adobe Experience Manager,10,0
Christopher,Herman,yvonne86@yahoo.com,2022-04-26,Mauritius,9,Architect,Mulesoft,0,1
Rhoda,Walker,yvonne58@yahoo.com,2021-07-07,Belize,24,Mid-Level,Security,7,8
Rosetta,Dickens,yvonne57@yahoo.com,2022-03-09,Bouvet Island (Bouvetoya),26,Trainee,System Administration,10,9
Anthony,Turner,yvonne39@gmail.com,2018-11-25,Latvia,28,Intern,Development - Frontend,6,7
Chad,Mertz,yvonne.von@hotmail.com,2018-05-25,Germany,6,Junior,Technical Writing,4,2
Cristopher,Tremblay,yvonne.pollich@yahoo.com,2020-11-29,Syrian Arab Republic,6,Architect,Salesforce,2,3
Sharon,Legros,yvonne.maggio65@hotmail.com,2019-11-03,Vietnam,24,Mid-Level,Data Engineer,10,4
Cornell,Conn,yvonne.doyle83@gmail.com,2019-05-07,Chad,30,Lead,DevOps,1,8
Rubye,Roberts,yvonne.boyer59@gmail.com,2021-03-26,Israel,5,Junior,Design,0,2
Jan,Funk,yvonne.bogan@hotmail.com,2022-01-15,Poland,10,Senior,Security,3,8
Travis,O'Keefe,yvonne.bergstrom@gmail.com,2021-09-01,Georgia,27,Junior,Development - Frontend,5,1
Aron,Weber,yvonne.balistreri@yahoo.com,2020-06-22,Iran,11,Trainee,Development - Backend,8,7
Precious,Kshlerin,yvette_zemlak@gmail.com,2020-08-17,Argentina,7,Mid-Level,Design,5,9
Tanya,Hessel,yvette_walker@hotmail.com,2021-12-15,Japan,24,Senior,Development - CMS Frontend,8,2
Cedrick,Cummings,yvette_nolan14@gmail.com,2020-01-05,Burkina Faso,13,Senior,Social Media Community Management,1,9
Kurt,Cremin,yvette_kilback8@gmail.com,2018-05-11,Venezuela,17,Intern,Development - Backend,0,0
Imani,Murray,yvette_jaskolski33@gmail.com,2019-02-11,Tonga,10,Senior,Social Media Community Management,10,1
Catalina,Macejkovic,yvette_graham10@hotmail.com,2018-07-19,Belgium,18,Senior,Development - FullStack,5,3
Izabella,Johns,yvette_bradtke@gmail.com,2019-02-08,Puerto Rico,14,Senior,Salesforce,7,0
Stewart,Brakus,yvette9@yahoo.com,2022-02-07,Uruguay,17,Trainee,DevOps,9,8
Adelle,Lemke,yvette41@hotmail.com,2018-04-06,Virgin Islands U.S.,15,Junior,Game Development,6,3
Imelda,Bednar,yvette18@gmail.com,2019-08-19,Thailand,2,Senior,Database Administration,5,6
Eliseo,Sipes,yvette.wintheiser@yahoo.com,2020-07-24,Sudan,8,Senior,DevOps,9,8
Xzavier,Hayes,yvette.schuppe@gmail.com,2022-01-15,Uruguay,4,Junior,QA Manual,10,4
Sadie,Macejkovic,yvette.littel@gmail.com,2020-05-28,Andorra,22,Architect,Design,8,2
Althea,Bashirian,yvette.harber51@yahoo.com,2020-02-18,Kyrgyz Republic,20,Intern,Mulesoft,10,2
Burdette,Bednar,yoshiko_wisoky97@yahoo.com,2018-07-16,Portugal,30,Senior,QA Manual,0,10
Wiley,Ankunding,yoshiko_nicolas@yahoo.com,2019-09-23,Christmas Island,7,Trainee,DevOps,4,0
Gerry,Harber,yoshiko_morissette99@yahoo.com,2018-12-30,Estonia,20,Trainee,Development - CMS Backend,5,9
Zackary,Goyette,yoshiko_hickle76@hotmail.com,2021-07-01,Denmark,22,Lead,Development - Frontend,2,0
Tianna,Yundt,yoshiko_heidenreich@gmail.com,2022-02-27,Bhutan,24,Junior,Technical Writing,8,10
Nyasia,Thiel,yoshiko_bogan2@yahoo.com,2020-02-02,Burundi,24,Trainee,Data Engineer,8,6
Devan,Bosco,yoshiko_bernier54@hotmail.com,2018-06-29,Nauru,8,Mid-Level,Design,0,7
Destini,Jacobs,yoshiko85@yahoo.com,2021-03-08,Belarus,30,Junior,QA Automation,10,6
Waldo,Rice,yoshiko81@gmail.com,2020-12-07,France,7,Junior,Game Development,3,5
Lisa,Turcotte,yoshiko70@yahoo.com,2019-08-15,Algeria,7,Intern,Development - CMS Backend,8,4
Celine,Turner,yoshiko67@yahoo.com,2019-12-26,Saint Barthelemy,27,Junior,Sales,7,3
Kaci,Breitenberg,yoshiko46@hotmail.com,2020-02-11,Ireland,17,Lead,Game Development,10,6
Einar,Daugherty,yoshiko33@hotmail.com,2020-07-28,Tokelau,30,Junior,Business Intelligence,2,5
Sedrick,Streich,yoshiko32@hotmail.com,2022-01-05,Indonesia,29,Architect,QA Manual,9,5
Pedro,Hauck,yoshiko22@hotmail.com,2022-04-12,France,9,Senior,Development - CMS Frontend,2,10
Daren,Reilly,yoshiko.zulauf@hotmail.com,2019-05-13,Sweden,26,Trainee,Sales,5,6
Rasheed,Kuhic,yoshiko.wisoky17@yahoo.com,2022-03-02,Nauru,24,Mid-Level,System Administration,8,5
Ulices,Koss,yoshiko.streich@yahoo.com,2018-04-09,Croatia,22,Trainee,Security Compliance,4,10
Brain,Prohaska,yoshiko.schroeder@yahoo.com,2019-09-01,Ireland,8,Lead,Design,1,5
Anissa,King,yoshiko.runolfsson@gmail.com,2020-02-03,United Arab Emirates,21,Architect,QA Automation,0,4
Aida,Walker,yoshiko.leuschke18@yahoo.com,2019-08-28,Seychelles,8,Trainee,Database Administration,10,7
Sally,Fritsch,yoshiko.lemke54@yahoo.com,2019-02-17,Mongolia,21,Lead,Game Development,3,3
Lorenzo,Schulist,yoshiko.gleichner@hotmail.com,2018-01-08,Timor-Leste,23,Trainee,Game Development,6,10
Marcia,Mueller,yoshiko.donnelly@gmail.com,2021-10-27,Macedonia,5,Lead,Design,5,10
Evan,Terry,yolanda_ward97@hotmail.com,2021-10-10,Turkmenistan,27,Architect,Game Development,10,4
Creola,Weber,yolanda_okon@gmail.com,2018-04-12,Cameroon,6,Junior,Development - CMS Frontend,8,9
Jamarcus,Bernier,yolanda_jacobs@hotmail.com,2022-05-25,Dominica,7,Mid-Level,Data Engineer,10,4
Corine,Brakus,yolanda_feest33@yahoo.com,2018-07-18,Chile,13,Mid-Level,Development - CMS Backend,3,0
Zula,Farrell,yolanda_braun84@hotmail.com,2020-11-23,Djibouti,5,Mid-Level,DevOps,7,1
Reba,Hermiston,yolanda98@hotmail.com,2018-09-03,Uzbekistan,20,Junior,QA Manual,2,10
Anabelle,Feest,yolanda97@hotmail.com,2022-03-30,United Kingdom,7,Intern,Security Compliance,0,4
Modesta,Gutkowski,yolanda75@hotmail.com,2019-05-22,Djibouti,9,Mid-Level,Security,1,1
Virginie,Rosenbaum,yolanda63@hotmail.com,2020-12-25,Comoros,30,Architect,Development - Frontend,7,8
Shaun,Wilkinson,yolanda59@hotmail.com,2020-01-04,Bermuda,25,Trainee,Data Engineer,2,0
May,Auer,yolanda53@gmail.com,2020-10-28,Bolivia,16,Lead,Development - CMS Backend,0,0
Madalyn,Schulist,yolanda51@hotmail.com,2020-10-27,Nicaragua,30,Trainee,DevOps,1,7
Adolfo,Luettgen,yolanda44@hotmail.com,2020-06-12,Somalia,27,Mid-Level,DevOps,2,3
Trever,Johns,yolanda41@yahoo.com,2020-04-24,Lesotho,9,Lead,Database Administration,9,1
Ruth,Waelchi,yolanda14@yahoo.com,2022-01-05,San Marino,26,Trainee,DevOps,1,3
Lulu,Hand,yolanda.windler68@gmail.com,2022-05-14,Thailand,14,Trainee,Database Administration,2,3
Claudine,Gottlieb,yolanda.powlowski4@yahoo.com,2020-06-22,Somalia,26,Trainee,Database Administration,2,6
Otis,Ortiz,yolanda.gutmann15@yahoo.com,2018-12-12,Rwanda,17,Lead,DevOps,1,5
Meagan,Muller,yessenia_oberbrunner@hotmail.com,2019-06-01,Armenia,30,Architect,Game Development,0,5
Myriam,Kreiger,yessenia_mcglynn@yahoo.com,2020-04-25,Nigeria,17,Trainee,Sales,5,0
Terrance,Wintheiser,yessenia_howell@yahoo.com,2019-03-13,Djibouti,11,Intern,DevOps,3,3
Marquis,Orn,yessenia_dickens@hotmail.com,2020-11-02,Holy See (Vatican City State),26,Architect,DevOps,10,2
Alek,Robel,yessenia76@hotmail.com,2020-06-15,Denmark,5,Trainee,Business Intelligence,0,4
Fred,Breitenberg,yessenia50@yahoo.com,2020-04-02,Reunion,13,Intern,Game Development,1,9
Green,Lynch,yessenia21@hotmail.com,2021-04-29,Lebanon,1,Trainee,Security Compliance,7,2
Russell,Ruecker,yessenia.swift@yahoo.com,2021-02-02,Barbados,28,Trainee,Mulesoft,3,10
Alexandra,Kuvalis,yessenia.marks@yahoo.com,2019-01-27,Papua New Guinea,1,Trainee,DevOps,0,9
Whitney,Lebsack,yessenia.langworth73@hotmail.com,2019-06-04,French Guiana,29,Junior,Mulesoft,8,7
Dedrick,Murray,yessenia.koelpin@gmail.com,2019-12-23,Jamaica,7,Senior,Development - CMS Frontend,5,3
Bret,Hoeger,yessenia.kilback87@gmail.com,2021-01-06,Jamaica,11,Trainee,Mulesoft,1,10
Courtney,Johnson,yessenia.cronin@gmail.com,2018-06-17,Niue,20,Lead,Client Success,10,8
Julie,Deckow,yesenia_schmeler@gmail.com,2020-02-20,Venezuela,2,Intern,Adobe Experience Manager,8,2
Lolita,Abernathy,yesenia_mertz@hotmail.com,2020-08-23,Republic of Korea,23,Intern,QA Manual,6,5
Adam,Witting,yesenia_kiehn@hotmail.com,2019-03-05,Afghanistan,10,Intern,Salesforce,9,6
Rosetta,Stracke,yesenia_graham17@hotmail.com,2021-05-11,Comoros,7,Senior,System Administration,10,9
Dylan,Kovacek,yesenia_franecki@hotmail.com,2018-12-17,Belize,13,Junior,Sales,3,4
Priscilla,Lesch,yesenia_davis57@gmail.com,2020-09-27,Reunion,4,Senior,Security,10,6
Loy,Paucek,yesenia_cronin@yahoo.com,2020-06-12,Botswana,20,Intern,Development - Backend,9,2
Haskell,Torp,yesenia_balistreri@hotmail.com,2018-02-03,Virgin Islands U.S.,26,Senior,Data Engineer,0,2
Jaida,Mante,yesenia39@yahoo.com,2019-07-05,Cocos (Keeling) Islands,27,Architect,Adobe Experience Manager,6,6
Sebastian,Welch,yesenia31@gmail.com,2018-11-20,South Africa,25,Intern,QA Automation,6,9
Dayana,Kunde,yesenia24@hotmail.com,2018-12-24,Ghana,7,Trainee,Development - Backend,2,10
Warren,Bauch,yesenia21@yahoo.com,2019-05-06,Honduras,21,Senior,Development - CMS Frontend,9,3
Tracey,Fay,yesenia.ledner@yahoo.com,2022-03-23,Haiti,3,Mid-Level,Business Intelligence,10,0
Prudence,Lebsack,yesenia.kohler36@yahoo.com,2020-08-15,Belarus,4,Intern,Development - CMS Backend,3,5
Leda,Weber,yesenia.damore92@hotmail.com,2020-02-08,Cameroon,11,Trainee,DevOps,7,0
Dovie,Rice,yesenia.beatty86@yahoo.com,2020-03-05,Dominica,15,Lead,Business Analytics / Project Management,10,8
Brown,O'Keefe,yazmin_turner43@gmail.com,2021-04-28,Ghana,30,Junior,Technical Writing,6,0
Roberta,Hyatt,yazmin_schaefer2@gmail.com,2021-10-09,Northern Mariana Islands,10,Mid-Level,Business Analytics / Project Management,1,8
Leland,Baumbach,yazmin_nolan@hotmail.com,2019-02-16,Bangladesh,28,Junior,QA Manual,2,5
Leola,Ortiz,yazmin_koss@gmail.com,2019-12-04,France,18,Senior,Mulesoft,5,10
Emerald,Kessler,yazmin_kessler55@hotmail.com,2018-04-30,Lesotho,13,Trainee,Data Engineer,2,5
Lolita,Cronin,yazmin_davis@yahoo.com,2018-09-17,Ireland,9,Junior,Development - FullStack,6,8
Hermina,Reinger,yazmin_conn@gmail.com,2018-01-08,Cocos (Keeling) Islands,26,Senior,Design,4,2
Kirk,Jaskolski,yazmin78@yahoo.com,2022-03-25,Armenia,30,Junior,Client Success,8,0
Faye,Moore,yazmin58@gmail.com,2021-06-05,Burundi,6,Architect,Business Intelligence,2,8
Winifred,Larkin,yazmin45@hotmail.com,2020-04-23,Iceland,20,Senior,Development - CMS Frontend,2,10
Thea,Von,yazmin23@yahoo.com,2018-07-15,Tokelau,17,Junior,QA Manual,9,8
Jerry,Little,yazmin.wyman@gmail.com,2019-09-02,Cyprus,28,Intern,Client Success,10,8
Elmira,D'Amore,yazmin.walker54@hotmail.com,2019-08-22,El Salvador,13,Intern,Security,7,10
Brice,Bahringer,yazmin.schmidt73@hotmail.com,2019-01-27,Guatemala,16,Architect,Development - Frontend,3,7
Abagail,Gorczany,yazmin.klein@gmail.com,2021-11-24,Heard Island and McDonald Islands,27,Intern,Development - Backend,2,10
Jules,DuBuque,yazmin.carter93@hotmail.com,2020-10-27,Pakistan,25,Trainee,Mulesoft,7,10
Noah,Morissette,yazmin.bergnaum@hotmail.com,2019-01-18,Kyrgyz Republic,24,Trainee,QA Manual,10,8
Jamie,Terry,yazmin.beier87@yahoo.com,2022-04-23,New Caledonia,24,Intern,Social Media Community Management,6,3
Emmy,Nikolaus,yasmine_jacobson@gmail.com,2019-01-13,France,1,Lead,QA Manual,4,8
Rosetta,Lebsack,yasmine_heaney56@yahoo.com,2020-11-09,Maldives,15,Junior,Business Analytics / Project Management,1,5
Leone,Murazik,yasmine95@yahoo.com,2019-01-01,Turks and Caicos Islands,19,Senior,Business Intelligence,5,10
Dominic,Goodwin,yasmine92@hotmail.com,2018-05-21,Malaysia,2,Senior,Game Development,8,10
Annabell,Hickle,yasmine89@hotmail.com,2018-01-19,Palestinian Territory,25,Intern,Game Development,4,3
Candice,Hoppe,yasmine88@gmail.com,2022-04-11,Puerto Rico,19,Lead,Social Media Community Management,4,2
Althea,Wehner,yasmine.turner33@yahoo.com,2019-09-25,Angola,21,Mid-Level,Technical Writing,3,9
Teresa,Wilderman,yasmine.murphy29@gmail.com,2022-01-20,Bosnia and Herzegovina,2,Intern,Security,9,8
Letitia,Lehner,yasmine.halvorson@gmail.com,2019-07-13,Bosnia and Herzegovina,16,Senior,Design,4,8
Richie,Raynor,yasmin_veum@yahoo.com,2018-03-20,Isle of Man,15,Junior,Development - CMS Backend,9,1
Yasmeen,Ziemann,yasmin_terry@yahoo.com,2019-01-08,Georgia,24,Architect,Development - CMS Frontend,4,1
Ethelyn,Hermann,yasmin_stark32@yahoo.com,2021-03-01,Saint Barthelemy,12,Mid-Level,DevOps,1,6
Else,Denesik,yasmin_medhurst@gmail.com,2021-03-06,El Salvador,8,Intern,Development - FullStack,7,2
Leonora,Witting,yasmin_emmerich71@gmail.com,2020-06-02,Greece,23,Intern,Mulesoft,8,1
Alysa,Halvorson,yasmin_cassin@hotmail.com,2018-01-28,Norfolk Island,5,Mid-Level,Technical Writing,0,8
Destinee,Mosciski,yasmin_abernathy@hotmail.com,2018-04-20,Iraq,22,Trainee,Adobe Experience Manager,10,0
Floyd,Mosciski,yasmin98@yahoo.com,2021-12-19,Saudi Arabia,25,Mid-Level,QA Manual,10,9
Reginald,Beer,yasmin60@gmail.com,2020-12-13,Burundi,26,Architect,QA Automation,8,3
Anya,Kozey,yasmin4@gmail.com,2021-08-22,Honduras,11,Architect,System Administration,9,6
Lafayette,Cole,yasmin3@gmail.com,2021-10-05,Mayotte,30,Senior,Data Engineer,2,3
Mary,Kertzmann,yasmin14@hotmail.com,2021-02-15,Zimbabwe,18,Senior,Mulesoft,9,3
Timmy,McKenzie,yasmin.mccullough@hotmail.com,2021-10-19,Niue,1,Junior,Technical Writing,4,8
Emelia,Collins,yasmin.bins@yahoo.com,2020-07-13,Nicaragua,30,Trainee,Game Development,10,6
Molly,Kulas,yasmeen_parker@hotmail.com,2021-08-16,Madagascar,9,Mid-Level,Business Intelligence,4,6
Randal,Jerde,yasmeen_ortiz@gmail.com,2020-01-05,Italy,2,Junior,System Administration,5,9
Blake,Heaney,yasmeen_hyatt34@gmail.com,2018-03-29,Anguilla,10,Mid-Level,Security,4,10
Carissa,Strosin,yasmeen_heaney@yahoo.com,2021-03-26,Belize,27,Architect,DevOps,5,5
Madie,Zulauf,yasmeen_cole22@gmail.com,2020-07-31,Brazil,21,Junior,Development - Backend,10,10
Leonel,Hills,yasmeen69@yahoo.com,2019-04-22,Liberia,22,Senior,Technical Writing,9,9
Deon,Marquardt,yasmeen63@gmail.com,2018-09-26,Republic of Korea,12,Senior,Game Development,8,1
Dante,Padberg,yasmeen50@gmail.com,2019-07-17,Venezuela,10,Junior,Business Intelligence,0,3
Warren,Tillman,yasmeen43@yahoo.com,2021-10-29,United Kingdom,13,Trainee,Development - CMS Frontend,8,0
Kennedy,Kihn,yasmeen41@yahoo.com,2018-07-26,Tuvalu,11,Trainee,Design,6,2
Molly,Will,yasmeen40@gmail.com,2022-04-29,Colombia,4,Senior,QA Manual,5,4
Annabell,Barrows,yasmeen25@gmail.com,2018-01-04,Ecuador,19,Mid-Level,Business Analytics / Project Management,9,4
Arely,Spinka,yasmeen.stark@hotmail.com,2019-07-05,Austria,20,Senior,Salesforce,10,3
Emanuel,Gleichner,yasmeen.satterfield42@yahoo.com,2018-12-15,Timor-Leste,27,Mid-Level,Development - Frontend,6,6
Donald,Schinner,yasmeen.quigley91@yahoo.com,2020-09-11,Namibia,13,Senior,Development - CMS Frontend,2,6
Helena,Herman,yasmeen.labadie@hotmail.com,2020-10-16,Cuba,27,Junior,QA Manual,4,3
Chauncey,Ratke,yasmeen.kohler@hotmail.com,2021-09-27,Venezuela,9,Trainee,Security,4,10
Oma,Gottlieb,yasmeen.jakubowski0@yahoo.com,2019-06-04,Saint Lucia,17,Senior,QA Automation,4,4
Jarrod,Terry,yasmeen.hickle71@hotmail.com,2020-04-09,Zambia,24,Junior,Mulesoft,10,1
Jermaine,Cormier,yasmeen.dickens81@hotmail.com,2019-04-24,San Marino,12,Lead,Social Media Community Management,8,1
Liza,Brakus,yasmeen.bergstrom1@gmail.com,2020-12-21,Venezuela,1,Architect,Salesforce,6,8
Jordon,King,yadira_walter@hotmail.com,2021-03-31,Lithuania,23,Trainee,Business Intelligence,5,1
Benedict,Wilkinson,yadira_schoen85@gmail.com,2018-09-13,Vietnam,26,Junior,Development - Backend,5,4
Alaina,Corwin,yadira_hauck76@hotmail.com,2018-09-27,Marshall Islands,13,Mid-Level,Sales,7,2
Etha,Kutch,yadira_friesen@hotmail.com,2022-05-20,Niger,23,Lead,Mulesoft,2,8
Laron,Bosco,yadira61@gmail.com,2019-06-23,Taiwan,4,Architect,Sales,4,10
Raquel,Block,yadira51@yahoo.com,2021-09-06,Pitcairn Islands,23,Intern,QA Automation,6,7
Kaya,Wunsch,yadira17@hotmail.com,2020-09-29,Heard Island and McDonald Islands,30,Senior,QA Manual,6,3
Milton,Powlowski,yadira.hammes25@gmail.com,2021-07-25,Netherlands Antilles,7,Intern,Data Engineer,1,9
Isai,Johnson,yadira.halvorson@gmail.com,2020-07-18,Guernsey,2,Trainee,Technical Writing,5,2
Emely,Tremblay,yadira.gulgowski@yahoo.com,2022-04-18,Montserrat,16,Intern,Data Engineer,3,0
Lupe,Abshire,yadira.cartwright@yahoo.com,2020-09-27,United Arab Emirates,27,Lead,Database Administration,8,10
Donato,Satterfield,yadira.bednar@gmail.com,2019-09-21,Mongolia,6,Trainee,Development - CMS Frontend,10,7
Leif,Bogan,xzavier_torphy9@hotmail.com,2019-05-08,Taiwan,18,Senior,Security,10,5
Harmony,Crooks,xzavier_harris@gmail.com,2021-10-30,Uruguay,20,Trainee,Development - CMS Frontend,8,10
Bryon,Wyman,xzavier98@gmail.com,2021-09-12,Kenya,25,Architect,Business Analytics / Project Management,6,4
Mohammad,Reynolds,xzavier95@gmail.com,2019-09-06,Panama,26,Lead,Security Compliance,6,8
Arvel,McLaughlin,xzavier73@yahoo.com,2021-06-14,Guadeloupe,15,Senior,Security Compliance,1,1
Lilliana,Miller,xzavier41@hotmail.com,2018-09-14,Lao People's Democratic Republic,3,Lead,DevOps,7,2
Stacy,Brown,xzavier31@yahoo.com,2020-07-06,Bahrain,15,Senior,Mulesoft,4,7
Mekhi,Reinger,xzavier13@gmail.com,2020-06-26,Suriname,29,Intern,QA Manual,3,7
Percy,Toy,xzavier.rutherford98@yahoo.com,2020-12-23,Micronesia,14,Architect,Social Media Community Management,7,9
Charity,Volkman,xzavier.mcclure@gmail.com,2018-10-10,Chad,16,Trainee,Client Success,0,10
Adaline,Wintheiser,xzavier.mann@gmail.com,2022-05-05,Zimbabwe,17,Trainee,DevOps,10,9
Adolfo,Berge,xzavier.doyle@gmail.com,2020-10-29,New Zealand,17,Senior,Mulesoft,2,5
Polly,Gusikowski,xzavier.bayer84@hotmail.com,2021-11-22,Montserrat,27,Architect,Development - Frontend,6,7
Dedric,Predovic,xzavier.bartell44@gmail.com,2021-05-03,Virgin Islands British,0,Mid-Level,Technical Writing,2,7
Ephraim,Anderson,xavier_rath41@hotmail.com,2019-03-21,Venezuela,29,Architect,Game Development,7,1
Fabian,Ferry,xavier_okon@yahoo.com,2018-11-05,Bosnia and Herzegovina,13,Lead,Data Engineer,4,3
Autumn,Little,xavier_larson20@yahoo.com,2020-12-14,Iraq,18,Junior,System Administration,5,6
Leif,O'Conner,xavier_hilll@gmail.com,2020-02-02,Antarctica (the territory South of 60 deg S),20,Lead,Adobe Experience Manager,4,0
Stephon,Hauck,xavier_bode@hotmail.com,2021-03-18,Liberia,18,Intern,Sales,10,6
Brannon,Senger,xavier81@gmail.com,2018-09-04,Palestinian Territory,26,Senior,Game Development,3,9
Steve,Terry,xavier74@hotmail.com,2019-05-27,Equatorial Guinea,16,Intern,Design,1,5
Milton,Botsford,xavier73@gmail.com,2020-10-30,Canada,21,Intern,System Administration,6,1
Geovany,Mueller,xavier53@gmail.com,2022-04-25,Macedonia,6,Lead,Development - Frontend,8,1
Eda,Lesch,xavier52@hotmail.com,2018-09-11,New Zealand,8,Intern,QA Manual,1,3
Leopoldo,Koelpin,xavier36@hotmail.com,2022-03-25,Virgin Islands British,5,Junior,Business Intelligence,2,7
Tianna,Walker,xavier.moore@hotmail.com,2020-06-10,Mayotte,19,Intern,QA Manual,4,6
Scotty,Weber,xavier.littel@yahoo.com,2021-12-17,Antigua and Barbuda,15,Junior,Salesforce,8,5
Angel,Schroeder,xavier.hermiston39@gmail.com,2021-04-01,Greenland,1,Junior,Client Success,7,0
Keara,Wisoky,xavier.cummerata@hotmail.com,2021-12-14,Pitcairn Islands,18,Trainee,DevOps,1,3
Reta,Schimmel,xander_sauer69@hotmail.com,2019-10-08,Belize,13,Trainee,DevOps,6,3
Golden,Runolfsdottir,xander_king84@yahoo.com,2018-08-04,British Indian Ocean Territory (Chagos Archipelago),12,Trainee,Business Intelligence,2,4
Jeanne,Bosco,xander_boyer87@yahoo.com,2022-06-30,Northern Mariana Islands,22,Intern,Security,2,10
Garrison,Towne,xander87@hotmail.com,2020-02-11,Saudi Arabia,14,Senior,DevOps,7,1
Deborah,Jacobson,xander52@yahoo.com,2021-09-25,Norway,22,Junior,DevOps,4,5
Adrianna,Casper,xander47@gmail.com,2021-03-19,Antarctica (the territory South of 60 deg S),2,Mid-Level,QA Automation,6,2
Caleigh,Osinski,xander26@gmail.com,2021-07-17,Kenya,21,Architect,Development - CMS Backend,6,4
Magnolia,Schoen,xander.turner@gmail.com,2021-04-28,Saint Vincent and the Grenadines,8,Architect,Security,0,8
Murl,Fadel,xander.reinger@hotmail.com,2021-06-28,China,23,Lead,Database Administration,5,8
Anibal,Mertz,xander.nicolas29@gmail.com,2019-08-26,United Kingdom,22,Junior,Sales,4,5
Margarete,Parker,xander.macejkovic29@hotmail.com,2022-06-26,France,21,Lead,Development - Frontend,6,5
Dalton,Hammes,xander.kris77@hotmail.com,2021-10-10,Kazakhstan,30,Architect,Development - CMS Backend,1,6
Leopoldo,Dooley,xander.kohler75@yahoo.com,2019-09-14,Burundi,23,Architect,DevOps,2,1
Amir,Cassin,xander.cruickshank95@yahoo.com,2018-09-11,Vanuatu,16,Lead,Development - CMS Frontend,5,4
Pattie,Gaylord,xander.brekke@yahoo.com,2022-05-09,Lao People's Democratic Republic,23,Senior,QA Automation,0,1
Melody,Gulgowski,xander.bins45@gmail.com,2018-09-30,Dominica,2,Mid-Level,Security,2,8
Cyrus,Hirthe,xander.beatty@hotmail.com,2019-05-02,Chile,16,Intern,Development - FullStack,0,3
Holly,Haag,wyman_wehner@hotmail.com,2021-08-28,Suriname,9,Intern,Database Administration,8,6
Kimberly,Davis,wyman_trantow@yahoo.com,2018-02-20,Faroe Islands,5,Senior,Salesforce,5,0
Kelsi,Welch,wyman_torphy@gmail.com,2019-10-21,Christmas Island,17,Intern,Development - CMS Backend,1,1
Adeline,Corkery,wyman_russel83@gmail.com,2018-02-11,Romania,6,Senior,Game Development,3,8
Buster,Flatley,wyman_hauck31@hotmail.com,2019-07-15,Sao Tome and Principe,1,Architect,Data Engineer,1,5
Cecile,Collins,wyman_doyle@gmail.com,2019-06-07,Guinea,8,Junior,DevOps,6,3
Harrison,Schulist,wyman83@yahoo.com,2018-10-18,Aruba,28,Architect,Development - Backend,5,4
Maximillian,Mosciski,wyman83@gmail.com,2021-01-09,Sri Lanka,1,Senior,Development - CMS Backend,10,7
Marcel,Morissette,wyman42@yahoo.com,2020-07-16,Finland,27,Senior,Salesforce,4,10
Roslyn,Schulist,wyman.shanahan@hotmail.com,2020-12-14,Spain,29,Senior,Design,10,4
Harmon,Muller,wyman.schaden@hotmail.com,2019-11-08,Bouvet Island (Bouvetoya),21,Senior,Business Intelligence,7,4
Ernestine,Wilkinson,wyman.nolan@gmail.com,2020-03-06,Cyprus,12,Junior,Client Success,7,4
Roy,Rempel,wyman.nikolaus55@yahoo.com,2020-10-02,Pitcairn Islands,30,Trainee,Development - CMS Backend,3,0
Kelvin,Hilpert,wyman.kuhic@gmail.com,2021-01-22,Equatorial Guinea,3,Trainee,Technical Writing,3,4
Uriel,Tillman,wyman.jacobi94@gmail.com,2021-07-31,El Salvador,17,Senior,Database Administration,2,8
Everardo,Medhurst,wyman.hilpert33@gmail.com,2018-10-21,Romania,14,Intern,Adobe Experience Manager,5,5
Estevan,Fay,wyman.harris@gmail.com,2018-07-22,Lithuania,9,Lead,Adobe Experience Manager,6,5
Delphine,Wisozk,wyman.armstrong@gmail.com,2021-11-03,Switzerland,5,Architect,Development - CMS Frontend,7,6
Zachary,Beatty,wyatt_west60@yahoo.com,2018-01-13,Bangladesh,7,Senior,Data Engineer,6,3
Sadie,Sipes,wyatt_roob@gmail.com,2020-12-26,Azerbaijan,30,Lead,Client Success,5,10
Joshua,Kautzer,wyatt_rempel@gmail.com,2021-12-25,New Caledonia,4,Senior,Design,1,1
Delaney,Aufderhar,wyatt_huel76@hotmail.com,2021-05-04,Isle of Man,17,Intern,Adobe Experience Manager,5,8
Vicente,Leannon,wyatt97@gmail.com,2022-05-03,Svalbard & Jan Mayen Islands,8,Mid-Level,Mulesoft,9,3
Cleo,Lehner,wyatt70@yahoo.com,2019-02-12,Papua New Guinea,9,Senior,DevOps,0,10
Kenna,Jakubowski,wyatt66@yahoo.com,2021-09-16,Congo,23,Trainee,DevOps,1,7
Dimitri,Streich,wyatt48@gmail.com,2019-07-05,San Marino,13,Architect,Development - FullStack,4,5
Izabella,O'Hara,wyatt46@yahoo.com,2021-05-01,Jordan,11,Lead,Design,2,4
Thomas,Jacobson,wyatt45@yahoo.com,2021-12-07,Tajikistan,21,Trainee,System Administration,9,4
Felix,Nolan,wyatt40@hotmail.com,2018-08-17,Ukraine,4,Lead,Business Analytics / Project Management,6,1
Sean,Armstrong,wyatt27@gmail.com,2018-10-24,Lesotho,27,Mid-Level,Social Media Community Management,7,8
Nasir,Wilderman,wyatt.jones@yahoo.com,2021-02-27,Burundi,5,Junior,Business Analytics / Project Management,9,2
Wilton,Bins,wyatt.dickens61@gmail.com,2021-03-14,Kazakhstan,27,Senior,Adobe Experience Manager,7,9
Jean,Blick,woodrow_veum@gmail.com,2022-02-21,Paraguay,8,Mid-Level,Business Analytics / Project Management,6,0
Owen,Mraz,woodrow_treutel@yahoo.com,2018-01-14,Ukraine,17,Junior,Database Administration,4,1
Bennett,Cole,woodrow_smitham0@hotmail.com,2022-01-19,Niger,18,Lead,Data Engineer,2,4
Augusta,Effertz,woodrow_schmidt37@hotmail.com,2018-11-07,Mauritius,7,Mid-Level,Game Development,5,7
Willow,Kovacek,woodrow87@hotmail.com,2020-11-03,Pitcairn Islands,6,Architect,Development - Frontend,10,7
Dewitt,Goyette,woodrow67@gmail.com,2018-09-23,Czech Republic,15,Architect,Design,1,8
Giovani,Yundt,woodrow62@gmail.com,2022-04-16,Senegal,2,Junior,Development - FullStack,4,4
Francisco,Watsica,woodrow.zemlak@yahoo.com,2018-02-24,Costa Rica,14,Senior,Business Intelligence,10,5
Ayana,Towne,woodrow.windler@hotmail.com,2021-07-27,Cameroon,17,Junior,Game Development,6,3
Drew,Kertzmann,woodrow.senger@hotmail.com,2021-08-07,Montenegro,20,Mid-Level,Database Administration,6,2
Kayla,Skiles,woodrow.orn@hotmail.com,2019-12-25,Peru,19,Lead,Business Intelligence,1,5
Frances,Braun,woodrow.murphy79@yahoo.com,2021-09-26,South Georgia and the South Sandwich Islands,5,Junior,Development - CMS Frontend,4,10
Dasia,Stehr,woodrow.koelpin@yahoo.com,2022-06-14,French Guiana,18,Lead,DevOps,5,4
Ollie,Paucek,woodrow.halvorson@hotmail.com,2018-06-13,Timor-Leste,18,Senior,Design,9,7
Cathrine,Anderson,woodrow.cartwright58@hotmail.com,2018-11-01,Saint Vincent and the Grenadines,22,Intern,Security Compliance,2,3
Ryder,Block,woodrow.boehm@gmail.com,2020-04-09,Cameroon,16,Architect,Salesforce,9,6
Elna,Streich,winston_will@gmail.com,2020-04-24,Canada,16,Senior,QA Automation,2,7
Karley,Daugherty,winston_streich@hotmail.com,2019-01-02,Bosnia and Herzegovina,7,Senior,Security Compliance,9,0
Junius,Kautzer,winston_pfeffer53@gmail.com,2019-10-24,Cook Islands,17,Lead,Technical Writing,1,8
Alfred,Hilpert,winston_kulas88@yahoo.com,2018-06-15,Colombia,14,Intern,Development - CMS Frontend,9,0
Toby,Collier,winston_hane@yahoo.com,2019-06-02,Kazakhstan,11,Senior,DevOps,1,1
Annamae,Shields,winston_davis92@yahoo.com,2021-12-29,Netherlands Antilles,15,Lead,Social Media Community Management,0,4
Myrtice,Schaden,winston8@hotmail.com,2019-06-08,Ecuador,0,Mid-Level,Client Success,10,5
Austin,Yundt,winston75@hotmail.com,2019-08-16,Ukraine,30,Junior,Data Engineer,7,10
Evert,Tromp,winston60@gmail.com,2021-02-20,Poland,25,Architect,Sales,7,4
Katelynn,DuBuque,winston44@gmail.com,2022-02-23,Belgium,15,Mid-Level,System Administration,8,2
Katlynn,Brown,winston14@hotmail.com,2020-02-14,Morocco,17,Senior,Mulesoft,0,8
Clarissa,Rogahn,winston14@hotmail.com,2022-07-04,Brunei Darussalam,25,Architect,QA Manual,7,0
Thelma,Hermann,winston.willms@yahoo.com,2021-08-13,Turkey,10,Intern,Game Development,7,7
Ashton,Marquardt,winston.sanford12@yahoo.com,2021-07-21,Saint Helena,5,Trainee,Salesforce,9,9
Sim,Kuhic,winston.rice@yahoo.com,2019-08-12,Panama,14,Lead,Business Analytics / Project Management,6,4
Alfred,Gutmann,winston.nicolas@hotmail.com,2018-01-08,El Salvador,16,Mid-Level,Security Compliance,6,8
Mitchel,Gerlach,winston.hahn@gmail.com,2018-09-11,Palestinian Territory,4,Junior,Development - Frontend,5,0
Mackenzie,Schaden,winston.glover@hotmail.com,2018-03-24,Western Sahara,22,Junior,Database Administration,0,9
Mario,Schuster,winston.corkery74@gmail.com,2020-01-21,Republic of Korea,20,Mid-Level,Development - Backend,3,4
Alden,Bogan,winston.blick@yahoo.com,2019-01-11,Moldova,11,Trainee,System Administration,2,1
Dock,Mohr,winona_volkman@gmail.com,2021-02-16,Turkmenistan,28,Senior,System Administration,0,1
Kaya,Cartwright,winona_trantow@yahoo.com,2018-09-01,Benin,18,Intern,Technical Writing,3,6
Estefania,Kuhn,winona_mann64@hotmail.com,2020-06-26,Tunisia,18,Intern,Development - FullStack,4,10
Marisa,Hartmann,winona_hane36@hotmail.com,2019-04-16,Saint Pierre and Miquelon,26,Intern,Client Success,4,10
Angelica,Abbott,winona_cole@hotmail.com,2021-10-15,Taiwan,25,Junior,Salesforce,1,3
Christa,Hoeger,winona_beahan@yahoo.com,2018-12-29,Belgium,7,Senior,Development - Frontend,7,1
Fiona,Schneider,winona_beahan53@yahoo.com,2018-05-14,Vanuatu,9,Lead,Sales,9,0
Virginie,Huel,winona95@yahoo.com,2021-04-02,Reunion,30,Trainee,Business Intelligence,2,5
Allene,Pagac,winona85@gmail.com,2022-06-15,Azerbaijan,5,Junior,Development - CMS Frontend,0,1
Westley,Rutherford,winona65@gmail.com,2020-11-14,Colombia,2,Intern,Business Analytics / Project Management,1,3
Bethel,Strosin,winona2@gmail.com,2018-07-16,Central African Republic,13,Junior,Business Intelligence,6,5
Tre,Bergnaum,winona.welch80@hotmail.com,2018-04-06,Rwanda,27,Trainee,Game Development,2,9
Philip,Donnelly,winona.lowe30@hotmail.com,2020-06-23,French Southern Territories,3,Mid-Level,Security,3,3
Bobbie,Krajcik,winona.hilpert@yahoo.com,2018-01-30,Sri Lanka,9,Junior,Business Analytics / Project Management,1,3
Adella,Mann,winona.dibbert@gmail.com,2020-07-02,Croatia,11,Trainee,Security,9,5
Emily,Kub,winona.deckow85@yahoo.com,2022-03-29,Argentina,24,Trainee,Mulesoft,7,1
Luciano,Turcotte,winona.christiansen11@hotmail.com,2020-03-10,El Salvador,24,Trainee,Development - CMS Backend,2,5
Lolita,Franey,winnifred_yost56@yahoo.com,2020-09-17,Saint Vincent and the Grenadines,4,Mid-Level,DevOps,4,4
Davon,Carter,winnifred_mante@gmail.com,2018-07-26,Papua New Guinea,17,Intern,Sales,1,9
Grover,O'Conner,winnifred_heller@yahoo.com,2021-02-25,Hungary,15,Mid-Level,Database Administration,5,9
Marc,Stokes,winnifred_gleason38@gmail.com,2019-09-26,Zimbabwe,23,Junior,Game Development,2,3
Queenie,Larson,winnifred_dubuque80@yahoo.com,2021-12-26,Micronesia,20,Trainee,Mulesoft,3,2
Rolando,Kutch,winnifred_boyer32@hotmail.com,2019-12-27,Ethiopia,23,Trainee,Adobe Experience Manager,4,0
Pietro,Willms,winnifred_blanda@yahoo.com,2021-11-29,Belarus,26,Architect,Salesforce,4,8
Montana,Franecki,winnifred72@yahoo.com,2018-11-28,Bolivia,7,Lead,QA Manual,0,8
Mylene,Hand,winnifred46@yahoo.com,2019-01-21,Tokelau,29,Mid-Level,Game Development,7,6
Larue,Streich,winnifred35@yahoo.com,2018-04-16,Hungary,22,Junior,QA Automation,2,6
Bria,Zieme,winnifred.welch15@yahoo.com,2018-03-13,Iran,15,Trainee,Business Analytics / Project Management,1,2
Colton,Beahan,winnifred.trantow@yahoo.com,2021-12-14,China,2,Mid-Level,QA Automation,5,10
Ruthie,Wunsch,winnifred.rosenbaum38@yahoo.com,2019-08-03,Mayotte,16,Senior,Development - FullStack,0,7
Warren,Mosciski,winnifred.quitzon62@hotmail.com,2020-04-15,Trinidad and Tobago,25,Lead,Social Media Community Management,3,6
Watson,Kutch,winnifred.quigley@gmail.com,2021-09-10,Slovakia (Slovak Republic),18,Junior,QA Manual,3,3
Shanon,Thompson,winnifred.predovic@gmail.com,2019-07-01,Tuvalu,27,Intern,Development - CMS Frontend,6,7
Amie,Dietrich,winnifred.ortiz@gmail.com,2022-03-27,Morocco,23,Senior,Development - FullStack,3,9
Margaret,Crooks,winnifred.kris@yahoo.com,2022-02-22,Angola,23,Trainee,Data Engineer,9,7
Camilla,Schulist,winnifred.heidenreich@yahoo.com,2021-03-18,Argentina,14,Junior,DevOps,7,10
Warren,Lind,winnifred.fahey@hotmail.com,2021-02-26,Romania,25,Junior,Salesforce,10,3
Haleigh,McLaughlin,winnifred.brown@hotmail.com,2019-12-10,Faroe Islands,24,Senior,Salesforce,0,8
Rolando,Turner,winifred_ritchie73@yahoo.com,2019-08-26,Mauritania,23,Senior,QA Manual,8,9
Kelton,Williamson,winifred_olson@hotmail.com,2020-08-08,Denmark,21,Junior,Game Development,7,2
Gus,Smith,winifred_kunze93@gmail.com,2018-05-27,Gabon,28,Architect,QA Manual,10,9
Sage,Kuhn,winifred_keebler35@gmail.com,2020-02-10,Oman,17,Intern,Social Media Community Management,4,1
Giuseppe,Dibbert,winifred_haag@yahoo.com,2021-03-12,Chile,17,Lead,DevOps,6,1
Kenneth,Runolfsson,winifred_farrell@yahoo.com,2020-07-04,Lebanon,19,Senior,QA Manual,1,0
Kiarra,Carroll,winifred91@gmail.com,2021-04-05,Tajikistan,8,Senior,Sales,10,0
Spencer,Schiller,winifred87@yahoo.com,2020-08-03,Sri Lanka,26,Junior,Database Administration,0,0
Gaetano,Kuhn,winifred81@yahoo.com,2020-10-10,Myanmar,24,Architect,Game Development,3,5
Cory,Effertz,winifred79@yahoo.com,2019-11-07,Sierra Leone,24,Junior,Business Analytics / Project Management,8,7
Marianna,Brakus,winifred60@gmail.com,2018-08-29,Ireland,4,Junior,Security,1,8
Justus,Jenkins,winifred4@yahoo.com,2018-01-17,Madagascar,3,Lead,QA Automation,9,1
Alysson,McClure,winifred.schaefer@hotmail.com,2021-02-07,Bolivia,13,Lead,Development - Backend,9,3
Savannah,Bogisich,winifred.reichert67@gmail.com,2021-10-02,Spain,20,Trainee,QA Manual,9,7
Abbey,Sanford,winifred.hilll@gmail.com,2019-09-28,Cayman Islands,10,Senior,Social Media Community Management,7,10
Velma,Thiel,winifred.fadel@gmail.com,2021-11-01,Cuba,12,Senior,QA Automation,3,10
Omari,Koepp,winfield_weber@yahoo.com,2020-08-29,Angola,7,Junior,Sales,7,2
Karli,Breitenberg,winfield_reilly@yahoo.com,2022-03-06,Zambia,1,Intern,Development - CMS Backend,6,10
Kobe,Brown,winfield_klocko26@yahoo.com,2020-06-07,Togo,27,Mid-Level,Development - Backend,2,9
Ericka,Hagenes,winfield_halvorson28@gmail.com,2020-10-31,Bulgaria,29,Architect,Security,6,1
Urban,Harvey,winfield77@gmail.com,2019-08-21,Greece,15,Lead,DevOps,3,2
Ryley,Muller,winfield.walker@yahoo.com,2022-05-23,Egypt,13,Junior,Mulesoft,3,3
Rosella,Ritchie,winfield.waelchi@yahoo.com,2020-03-01,Northern Mariana Islands,12,Trainee,Mulesoft,5,9
Ike,Gaylord,winfield.tremblay66@yahoo.com,2018-01-02,Mauritius,30,Lead,Social Media Community Management,4,7
Edd,Jast,winfield.torp66@gmail.com,2020-11-29,Cayman Islands,23,Intern,Client Success,0,1
Craig,Abernathy,winfield.pouros2@yahoo.com,2018-12-28,Iran,4,Architect,Development - Backend,8,6
Abagail,Marks,winfield.pacocha59@gmail.com,2018-11-09,Slovenia,4,Mid-Level,DevOps,2,1
Kraig,Kuhlman,winfield.macgyver24@gmail.com,2021-12-13,Micronesia,30,Architect,QA Manual,9,4
Ken,Mayert,winfield.dooley@gmail.com,2018-04-22,Lao People's Democratic Republic,24,Senior,Security,1,6
Laila,D'Amore,winfield.bruen@hotmail.com,2018-05-12,Belgium,22,Senior,Development - FullStack,8,4
Nyah,Monahan,wilton_tremblay23@hotmail.com,2019-10-08,Barbados,18,Intern,System Administration,1,6
Wilmer,Macejkovic,wilton_kris@yahoo.com,2021-12-30,Egypt,13,Intern,Development - CMS Backend,7,9
Queenie,Lehner,wilton_hermiston@gmail.com,2018-10-22,Madagascar,2,Lead,System Administration,0,9
Kamille,Schamberger,wilton_frami@yahoo.com,2021-02-28,Serbia,15,Intern,Salesforce,8,0
Charlie,Schumm,wilton_botsford0@gmail.com,2021-05-07,Fiji,26,Junior,Client Success,2,0
Sylvan,Stoltenberg,wilton_bernhard@hotmail.com,2021-03-15,Nepal,30,Intern,Client Success,9,4
Vivian,Waters,wilton_bayer62@yahoo.com,2022-03-25,Uruguay,23,Intern,System Administration,4,5
Judah,Mayert,wilton94@gmail.com,2020-05-02,Papua New Guinea,10,Mid-Level,Database Administration,4,8
Colton,Shields,wilton62@gmail.com,2018-07-11,Myanmar,24,Senior,Adobe Experience Manager,9,3
Santa,Schimmel,wilton49@hotmail.com,2022-02-16,Republic of Korea,19,Trainee,Sales,9,8
Alexandrine,Bergstrom,wilton44@hotmail.com,2019-02-20,Egypt,15,Senior,System Administration,10,7
Julie,Bruen,wilton26@gmail.com,2020-09-06,Republic of Korea,23,Intern,System Administration,0,10
Corrine,Funk,wilton17@gmail.com,2019-12-06,Taiwan,25,Trainee,Adobe Experience Manager,9,10
Michel,Waelchi,wilton.little@yahoo.com,2020-11-03,Burundi,15,Trainee,Business Analytics / Project Management,2,1
Tad,Hackett,wilton.friesen@hotmail.com,2019-05-22,Sierra Leone,27,Intern,Development - Frontend,8,1
Margot,Kuhlman,wilton.balistreri@hotmail.com,2022-01-27,Portugal,3,Senior,Database Administration,7,4
Barton,Bayer,wilson_schaefer@hotmail.com,2018-05-23,Libyan Arab Jamahiriya,22,Trainee,Business Analytics / Project Management,2,7
Lottie,Stamm,wilson_jenkins@hotmail.com,2020-01-21,Pakistan,18,Intern,Game Development,8,1
Cyrus,Wehner,wilson_hilll@gmail.com,2021-08-22,Bahamas,27,Senior,Adobe Experience Manager,4,3
Fernando,Nader,wilson_greenholt94@yahoo.com,2018-05-09,Bolivia,3,Mid-Level,QA Manual,3,8
Korbin,Quigley,wilson70@hotmail.com,2019-03-26,Thailand,11,Architect,QA Automation,0,5
Lauryn,Gutkowski,wilson14@yahoo.com,2019-12-15,Belize,14,Trainee,QA Automation,6,8
Gilbert,Hickle,wilson11@gmail.com,2018-08-15,Christmas Island,9,Senior,Design,0,3
Pascale,Jenkins,wilson0@yahoo.com,2019-05-13,Togo,11,Architect,Security Compliance,5,5
Marlee,Daugherty,wilson.mcclure11@yahoo.com,2022-03-01,Romania,22,Junior,Development - Backend,7,8
Jude,Hyatt,wilson.carter23@hotmail.com,2020-07-26,Czech Republic,27,Junior,Security Compliance,7,4
Elroy,Johns,wilmer_mann@gmail.com,2020-06-13,Trinidad and Tobago,20,Intern,Development - Frontend,3,10
Zachary,Abernathy,wilmer_lebsack89@yahoo.com,2018-06-19,Chad,20,Junior,Design,3,5
Reinhold,Turner,wilmer_hermann@gmail.com,2018-04-07,Gambia,16,Lead,Development - CMS Frontend,4,9
Dante,Lynch,wilmer_hammes@gmail.com,2018-03-16,India,8,Trainee,Development - FullStack,1,9
Jermaine,Altenwerth,wilmer_donnelly@hotmail.com,2021-05-09,Sierra Leone,15,Architect,Design,5,8
Dale,Cremin,wilmer72@yahoo.com,2021-07-07,Congo,1,Junior,DevOps,8,3
Alba,Von,wilmer51@yahoo.com,2020-08-29,Guinea,24,Junior,Design,8,3
Lillian,Bailey,wilmer33@yahoo.com,2020-05-14,Mayotte,9,Architect,QA Manual,5,8
Phoebe,Toy,wilmer18@hotmail.com,2021-07-31,Falkland Islands (Malvinas),16,Intern,DevOps,1,10
Marc,King,wilmer.zulauf15@gmail.com,2019-05-28,Qatar,19,Lead,System Administration,9,10
Travon,Douglas,wilmer.ullrich67@gmail.com,2018-07-27,Cocos (Keeling) Islands,30,Lead,Development - Backend,2,0
Nona,Wunsch,wilmer.strosin23@hotmail.com,2022-01-10,Austria,14,Trainee,DevOps,1,0
Myrtie,Gleason,wilmer.hegmann11@hotmail.com,2021-10-19,Georgia,17,Intern,Development - CMS Frontend,10,1
Stanley,Wyman,wilmer.franecki@yahoo.com,2020-10-28,Vietnam,17,Intern,Data Engineer,1,2
Madaline,Stiedemann,wilmer.dare@gmail.com,2020-12-25,Faroe Islands,26,Senior,DevOps,10,0
Agnes,McGlynn,wilma_stracke23@hotmail.com,2021-05-03,Bouvet Island (Bouvetoya),30,Lead,Data Engineer,4,2
Jaunita,Carroll,wilma_reichert3@hotmail.com,2018-05-18,Honduras,10,Senior,Security,6,10
Alyce,Larson,wilma_pouros@yahoo.com,2020-01-17,Suriname,16,Intern,Client Success,7,3
Rick,Jones,wilma_hodkiewicz@yahoo.com,2021-08-20,French Polynesia,8,Junior,Client Success,3,4
Gust,Koss,wilma_harris@gmail.com,2019-05-30,Argentina,26,Trainee,System Administration,10,3
Lynn,Cruickshank,wilma_gleichner@hotmail.com,2020-06-26,Kiribati,30,Architect,Game Development,4,7
Amiya,Hayes,wilma_carroll24@yahoo.com,2021-03-01,Bosnia and Herzegovina,16,Senior,Mulesoft,9,0
Immanuel,Durgan,wilma_blick94@yahoo.com,2020-04-02,Eritrea,7,Lead,Data Engineer,5,4
Nicola,Weimann,wilma96@hotmail.com,2019-10-25,Afghanistan,20,Junior,Client Success,0,6
Wellington,Grady,wilma66@gmail.com,2020-02-14,Latvia,11,Junior,System Administration,3,4
Bertram,Ernser,wilma45@hotmail.com,2018-06-15,Ireland,18,Architect,Mulesoft,3,1
Breanne,Daugherty,wilma.rempel90@gmail.com,2021-02-08,Liechtenstein,11,Intern,Security,4,6
Delphia,Sanford,wilma.larkin92@gmail.com,2020-07-31,Monaco,10,Architect,QA Automation,7,8
Jasen,Gorczany,wilma.kshlerin@hotmail.com,2022-06-22,Mayotte,28,Architect,Adobe Experience Manager,10,9
Shakira,Johnson,wilma.hauck70@yahoo.com,2018-12-31,Yemen,27,Junior,Business Intelligence,10,2
Billy,Kunde,willy_rippin@hotmail.com,2019-07-24,Swaziland,23,Junior,DevOps,0,6
Rhett,Lesch,willy_nikolaus@yahoo.com,2022-04-26,Ukraine,28,Intern,Social Media Community Management,6,1
Norma,Aufderhar,willy_jast@yahoo.com,2018-10-18,Djibouti,0,Lead,Business Intelligence,0,0
Eriberto,Kulas,willy_gottlieb@yahoo.com,2021-12-31,Martinique,19,Senior,Mulesoft,10,9
Lizzie,Hills,willy_cummerata@gmail.com,2021-02-18,Vanuatu,18,Senior,Business Intelligence,8,6
Nels,Ankunding,willy_bernhard@yahoo.com,2019-04-08,Philippines,5,Senior,Database Administration,5,4
Keven,Abernathy,willy98@gmail.com,2020-11-24,Sweden,30,Trainee,QA Automation,6,6
Gonzalo,Cummings,willy62@hotmail.com,2022-01-03,Panama,9,Senior,Development - CMS Backend,10,4
Salma,Lind,willy52@hotmail.com,2020-08-11,Indonesia,22,Senior,Mulesoft,8,6
Randall,Hegmann,willy31@hotmail.com,2020-12-06,Finland,2,Intern,Salesforce,4,0
Lera,Champlin,willy.sipes11@yahoo.com,2018-10-15,Croatia,7,Junior,Data Engineer,7,8
Ezekiel,Crooks,willy.ritchie28@hotmail.com,2020-06-02,Zimbabwe,24,Junior,DevOps,0,3
Rosalia,Haley,willy.murray5@gmail.com,2019-04-05,Bulgaria,8,Lead,Social Media Community Management,6,3
Kelvin,Ankunding,willy.block@yahoo.com,2020-07-04,Namibia,6,Trainee,Development - Backend,5,0
Ramiro,Howell,willow_schroeder@yahoo.com,2019-08-01,Nicaragua,10,Trainee,Database Administration,0,7
Roberta,Huels,willow96@yahoo.com,2019-12-10,Greenland,26,Senior,Database Administration,3,0
Alverta,Kiehn,willow68@yahoo.com,2021-05-23,South Georgia and the South Sandwich Islands,6,Intern,System Administration,5,2
Kendrick,Nolan,willow42@hotmail.com,2018-07-24,Sweden,2,Architect,Business Intelligence,10,7
Ettie,Larson,willow28@hotmail.com,2021-07-30,Israel,14,Architect,DevOps,10,3
Kaitlyn,Macejkovic,willow.wuckert21@yahoo.com,2020-06-30,Brazil,4,Intern,Mulesoft,9,5
Hilario,Nolan,willow.towne5@gmail.com,2018-07-20,Svalbard & Jan Mayen Islands,1,Lead,Design,10,6
Rickey,Treutel,willow.schumm@gmail.com,2019-07-31,Poland,19,Architect,System Administration,0,8
Sasha,Sporer,willow.ryan82@hotmail.com,2021-09-05,Tanzania,16,Lead,Development - CMS Frontend,5,10
Broderick,Conn,willow.lang@gmail.com,2018-10-29,Mexico,25,Lead,Business Analytics / Project Management,10,5
Cooper,Dach,willow.kuhn5@hotmail.com,2021-01-16,Palau,14,Lead,QA Automation,8,1
Bernadine,Carroll,willow.gusikowski@hotmail.com,2019-05-07,Holy See (Vatican City State),13,Lead,Mulesoft,9,0
Ricardo,Boyle,willow.anderson@yahoo.com,2019-03-11,Malaysia,11,Intern,Data Engineer,4,8
Ernestina,Mueller,willis_rowe@gmail.com,2019-04-08,Armenia,24,Senior,Mulesoft,6,9
Curtis,Effertz,willis_padberg48@gmail.com,2018-01-15,Sri Lanka,27,Trainee,QA Manual,8,3
Josefina,Grimes,willis_mcglynn@hotmail.com,2019-08-21,United States of America,17,Senior,Database Administration,10,1
Landen,Beer,willis_lindgren@gmail.com,2021-07-26,Guam,29,Junior,Data Engineer,2,0
Nolan,Lang,willis_kirlin44@gmail.com,2020-04-19,Guadeloupe,29,Lead,Development - Frontend,7,2
Torrance,Welch,willis8@hotmail.com,2021-04-06,Puerto Rico,5,Mid-Level,Game Development,0,6
Claudine,Becker,willis69@yahoo.com,2019-08-22,Jamaica,29,Mid-Level,Security Compliance,7,2
Anita,Schiller,willis20@gmail.com,2021-12-17,Montserrat,12,Intern,Technical Writing,4,4
Jaylon,Bahringer,willis17@gmail.com,2018-03-12,Mauritania,1,Trainee,Game Development,3,5
Florencio,Dietrich,willis12@hotmail.com,2021-11-16,Botswana,23,Lead,Security,6,9
Lambert,Gerhold,willis.prohaska@hotmail.com,2021-08-08,Macedonia,16,Senior,Business Analytics / Project Management,1,0
Emil,Sporer,willis.lind28@gmail.com,2022-05-22,Saint Martin,25,Senior,QA Manual,1,0
Johathan,Ziemann,willie_tremblay19@gmail.com,2019-08-10,Turks and Caicos Islands,12,Mid-Level,Data Engineer,9,2
Katelin,Feil,willie_mueller@hotmail.com,2020-06-22,Germany,16,Intern,QA Manual,3,8
Della,McDermott,willie_huel@yahoo.com,2021-11-03,Zambia,1,Trainee,Client Success,9,4
Karina,Hayes,willie_bogan5@yahoo.com,2022-01-20,Northern Mariana Islands,12,Senior,Development - Frontend,4,2
Jesus,Murazik,willie70@gmail.com,2019-04-13,Serbia,14,Lead,Sales,8,1
Lon,Morar,willie54@hotmail.com,2021-10-08,Norway,21,Mid-Level,Sales,0,7
Harvey,Armstrong,willie40@hotmail.com,2021-02-01,Republic of Korea,22,Trainee,Development - Frontend,7,0
Antone,Hansen,willie34@gmail.com,2020-03-19,Micronesia,22,Trainee,QA Manual,2,3
Norwood,Schmitt,willie16@hotmail.com,2020-02-05,Haiti,21,Senior,Development - Frontend,6,8
Rocio,Steuber,willie.walter16@gmail.com,2022-05-05,Palau,7,Senior,Security,6,3
Gaston,Wolf,willie.torp94@gmail.com,2020-08-05,United Kingdom,9,Trainee,Business Analytics / Project Management,10,2
Tara,Roob,willie.renner70@gmail.com,2019-12-14,Peru,11,Senior,Adobe Experience Manager,3,3
Kennedi,Abshire,willie.lehner51@hotmail.com,2018-01-22,Czech Republic,17,Senior,Sales,2,3
Gianni,Hegmann,willie.kilback@gmail.com,2019-12-22,Guyana,3,Architect,Adobe Experience Manager,0,0
Sallie,Bayer,willie.huel77@hotmail.com,2022-04-10,Somalia,19,Mid-Level,QA Automation,6,6
Melissa,Stark,willie.hansen@yahoo.com,2018-01-28,Zimbabwe,12,Trainee,Adobe Experience Manager,6,8
Louvenia,Schoen,willie.connelly@hotmail.com,2019-01-25,Chad,17,Trainee,Design,9,5
Dejah,Kovacek,willie.carroll@yahoo.com,2021-07-24,Jamaica,11,Trainee,Data Engineer,4,10
Beryl,Glover,willie.bradtke30@gmail.com,2022-01-24,Colombia,1,Architect,Technical Writing,4,5
Fausto,Hickle,william_runolfsson11@yahoo.com,2022-01-22,Peru,28,Trainee,Development - CMS Frontend,6,9
Garret,Beahan,william_rosenbaum44@hotmail.com,2019-01-24,Belgium,20,Senior,DevOps,6,3
Samir,Leffler,william_roberts@hotmail.com,2021-05-21,Cocos (Keeling) Islands,22,Mid-Level,Adobe Experience Manager,3,9
Brooke,Jast,william_macejkovic44@gmail.com,2019-07-14,Ukraine,2,Trainee,Development - CMS Frontend,9,10
Jeanne,Thiel,william_hackett81@yahoo.com,2019-07-26,Iceland,24,Architect,Development - Frontend,1,1
Santina,Murray,william_feil45@gmail.com,2018-03-18,Switzerland,1,Junior,Business Analytics / Project Management,10,9
Orlando,Walker,william81@hotmail.com,2019-08-17,Saint Vincent and the Grenadines,17,Architect,Game Development,10,5
Hubert,Prohaska,william27@hotmail.com,2022-03-08,Eritrea,22,Trainee,DevOps,1,0
Cecile,Luettgen,william23@gmail.com,2020-05-16,Cuba,1,Lead,DevOps,8,2
Glenda,Kling,william15@gmail.com,2019-02-20,Brazil,21,Junior,Security Compliance,3,9
Paige,Steuber,william.waters@gmail.com,2019-12-31,Ethiopia,23,Trainee,DevOps,9,10
Alia,Schumm,william.morissette@yahoo.com,2018-02-04,Senegal,16,Trainee,Security,3,7
Mertie,Price,william.douglas29@yahoo.com,2019-11-17,Bouvet Island (Bouvetoya),13,Architect,Adobe Experience Manager,4,0
Carlie,Brown,william.cronin36@yahoo.com,2021-02-14,Syrian Arab Republic,18,Senior,Data Engineer,1,7
Gus,Bahringer,william.bayer@hotmail.com,2018-05-30,Martinique,16,Intern,Game Development,1,9
Alejandrin,Stark,willard_upton70@hotmail.com,2019-10-25,Angola,12,Architect,Security,5,3
Domenick,Barton,willard_krajcik75@yahoo.com,2022-06-10,Romania,22,Architect,Security Compliance,4,6
Stanley,Kozey,willard_hermiston24@gmail.com,2021-08-04,Gabon,1,Intern,Game Development,1,5
Zetta,Runte,willard_fay8@hotmail.com,2018-11-22,Ecuador,11,Intern,Development - CMS Backend,0,7
Sabrina,West,willard_crist45@hotmail.com,2020-06-22,Brazil,30,Junior,Development - Backend,6,3
Denis,Purdy,willard_boyle@yahoo.com,2021-12-03,Suriname,28,Mid-Level,Development - Frontend,0,1
Jackson,Reichel,willard_bayer@hotmail.com,2021-07-25,Lithuania,22,Trainee,DevOps,8,6
Ora,Stiedemann,willard91@hotmail.com,2019-08-12,Wallis and Futuna,4,Junior,Business Intelligence,5,7
Candelario,Roob,willard79@gmail.com,2022-01-31,Czech Republic,21,Senior,Development - CMS Frontend,0,9
Nicholas,Murazik,willard44@hotmail.com,2021-05-29,Denmark,11,Trainee,Development - Backend,8,4
Miller,Greenholt,willard23@yahoo.com,2022-02-25,Turkmenistan,1,Architect,Development - Backend,3,9
Irma,McLaughlin,willard.watsica@hotmail.com,2019-11-07,Bahrain,6,Senior,Development - CMS Frontend,4,2
Domingo,Jones,willard.walsh84@gmail.com,2021-10-07,Dominican Republic,4,Intern,Design,6,5
Melvina,Beatty,willard.howell23@yahoo.com,2019-02-14,Saint Martin,8,Lead,Security Compliance,4,5
Liliana,Auer,willard.grant@hotmail.com,2021-04-08,Kiribati,15,Architect,QA Automation,6,8
Savanah,Bogisich,willard.crona@yahoo.com,2022-06-05,Brunei Darussalam,22,Lead,QA Automation,4,8
Alfredo,Auer,willard.blanda@gmail.com,2018-09-01,Uganda,12,Trainee,Salesforce,6,6
Winifred,Turner,willa90@yahoo.com,2020-03-08,Armenia,5,Lead,Data Engineer,10,5
Harmony,Swaniawski,willa62@gmail.com,2021-08-24,Syrian Arab Republic,16,Lead,Business Analytics / Project Management,7,3
Stewart,Balistreri,willa56@gmail.com,2022-04-01,Greece,9,Lead,Game Development,9,5
Timmothy,Reichel,willa51@yahoo.com,2020-05-12,Indonesia,16,Architect,Client Success,0,10
Felipe,Lebsack,willa49@yahoo.com,2019-05-13,Jersey,13,Junior,Social Media Community Management,6,7
Zachariah,McLaughlin,willa32@yahoo.com,2021-11-04,Greece,17,Senior,Data Engineer,3,8
Eldridge,Ullrich,willa14@yahoo.com,2020-11-01,French Polynesia,6,Lead,Client Success,0,4
Tressie,Simonis,willa11@hotmail.com,2019-07-14,Comoros,28,Junior,QA Automation,6,9
Jorge,Hayes,willa.schulist@hotmail.com,2021-04-23,British Indian Ocean Territory (Chagos Archipelago),28,Trainee,Mulesoft,1,0
Elise,Ruecker,willa.kassulke56@hotmail.com,2022-01-03,Syrian Arab Republic,13,Intern,QA Automation,7,0
Cleve,Dickens,willa.johnston3@yahoo.com,2020-09-27,Ukraine,23,Intern,Design,7,2
Lukas,Boyer,willa.gerhold28@yahoo.com,2019-06-18,French Southern Territories,17,Trainee,Game Development,10,6
Lysanne,Veum,willa.crist72@gmail.com,2018-03-01,Dominican Republic,14,Senior,QA Automation,0,6
Dasia,Goodwin,willa.cassin@yahoo.com,2021-12-22,Estonia,3,Trainee,Development - Frontend,6,1
Heaven,Morar,willa.bins@gmail.com,2021-04-04,Italy,21,Senior,DevOps,5,3
Hunter,Raynor,will_zemlak67@hotmail.com,2019-03-12,Bahrain,6,Junior,Technical Writing,3,9
Adelbert,Ortiz,will_will@hotmail.com,2019-06-19,Grenada,27,Senior,Development - CMS Backend,9,0
Xavier,Cole,will_schoen19@yahoo.com,2021-02-17,India,30,Lead,Game Development,3,3
Dessie,Wunsch,will_purdy@yahoo.com,2018-05-18,Finland,24,Architect,Development - Frontend,7,10
Carter,Morar,will_lang57@yahoo.com,2020-12-09,Poland,2,Trainee,Security Compliance,1,9
Dillon,Stamm,will_jenkins77@yahoo.com,2019-11-04,Dominica,10,Junior,QA Manual,5,8
Kariane,Beer,will_harvey23@hotmail.com,2018-12-04,Svalbard & Jan Mayen Islands,9,Intern,Business Intelligence,8,3
Davin,Stark,will_fritsch80@yahoo.com,2018-07-17,Jersey,18,Architect,Salesforce,4,0
Tyler,Daugherty,will_friesen45@yahoo.com,2018-05-18,Kyrgyz Republic,26,Intern,Client Success,2,5
Breanna,Metz,will_douglas@hotmail.com,2020-05-27,France,5,Junior,DevOps,8,4
Amely,Schoen,will_connelly@yahoo.com,2020-01-06,United States Minor Outlying Islands,13,Trainee,Database Administration,8,10
Pauline,Lueilwitz,will_boehm@hotmail.com,2021-02-24,United Kingdom,16,Senior,Game Development,3,6
Kianna,Mraz,will96@hotmail.com,2022-06-23,Svalbard & Jan Mayen Islands,6,Junior,Sales,4,2
Shanelle,Goodwin,will72@hotmail.com,2018-02-25,Greece,30,Junior,Salesforce,3,8
Jordy,Stoltenberg,will51@hotmail.com,2019-02-21,Philippines,3,Intern,DevOps,10,3
Abigale,Weimann,will36@yahoo.com,2018-06-16,Belgium,16,Mid-Level,Development - Frontend,9,9
Diana,Padberg,will31@hotmail.com,2019-11-19,Pitcairn Islands,9,Junior,Business Analytics / Project Management,1,4
Buck,Hermann,will1@hotmail.com,2018-05-24,Reunion,28,Lead,Adobe Experience Manager,9,4
Israel,Hoppe,will.sawayn22@yahoo.com,2018-01-03,Cook Islands,6,Trainee,QA Automation,3,2
Freddy,Frami,will.reilly16@yahoo.com,2021-03-24,American Samoa,21,Lead,QA Manual,2,4
Genoveva,Jones,will.marquardt70@yahoo.com,2022-01-27,French Southern Territories,11,Intern,Development - CMS Backend,2,5
Theron,Kozey,will.lynch@yahoo.com,2020-06-19,Iraq,21,Senior,Development - Frontend,4,6
Chadrick,Windler,wilhelmine_stracke@hotmail.com,2020-09-01,Chile,6,Lead,Data Engineer,4,8
Eriberto,McGlynn,wilhelmine_smith@yahoo.com,2020-06-27,Sri Lanka,30,Mid-Level,QA Manual,4,8
Lolita,McClure,wilhelmine_quigley55@yahoo.com,2019-12-24,Christmas Island,27,Architect,Design,3,9
Rosemarie,Abbott,wilhelmine_lakin@hotmail.com,2018-12-02,Nauru,26,Junior,Sales,7,7
Herminio,Tillman,wilhelmine_gulgowski50@gmail.com,2020-06-29,Jamaica,4,Intern,Development - FullStack,1,6
Felipa,Gutmann,wilhelmine_blanda68@hotmail.com,2021-05-14,Wallis and Futuna,8,Trainee,DevOps,5,6
Danyka,Jerde,wilhelmine_bergnaum53@hotmail.com,2019-02-13,Ireland,6,Senior,Client Success,9,5
Elvis,Kessler,wilhelmine99@gmail.com,2020-01-14,Greenland,24,Mid-Level,Security Compliance,1,0
Cory,Barrows,wilhelmine4@yahoo.com,2021-05-12,Nicaragua,4,Junior,Business Intelligence,2,10
Korbin,Schumm,wilhelmine36@yahoo.com,2022-02-13,Liechtenstein,1,Lead,QA Automation,8,1
Rosina,Reichel,wilhelmine35@yahoo.com,2020-11-13,Cook Islands,15,Junior,Business Analytics / Project Management,8,0
Margarette,Rath,wilhelmine33@hotmail.com,2020-04-10,Western Sahara,19,Architect,Development - Backend,4,7
Garrett,Ratke,wilhelmine19@yahoo.com,2021-12-25,Cameroon,3,Intern,Development - FullStack,2,7
Lillie,Dickens,wilhelmine10@yahoo.com,2020-10-17,Cayman Islands,17,Lead,Development - CMS Backend,9,3
Franz,Howell,wilhelmine.wisoky24@yahoo.com,2019-06-12,Samoa,17,Architect,Client Success,3,1
Ruth,McGlynn,wilhelmine.littel@yahoo.com,2018-11-13,South Africa,27,Intern,Technical Writing,1,9
Malinda,Sawayn,wilhelmine.hudson10@hotmail.com,2018-07-11,Somalia,5,Trainee,Development - CMS Backend,1,9
Tyrique,Boyle,wilhelmine.hickle@gmail.com,2018-01-28,Saint Lucia,24,Junior,Database Administration,8,2
Elouise,Wunsch,wilhelmine.corwin54@gmail.com,2018-11-05,Singapore,11,Trainee,System Administration,8,1
Trace,Durgan,wilhelmine.carter@hotmail.com,2022-04-05,Malawi,0,Lead,QA Manual,7,6
Llewellyn,Beatty,wilhelm_rempel19@yahoo.com,2018-09-01,Mexico,22,Architect,Salesforce,4,5
Adalberto,Rohan,wilhelm_okeefe4@gmail.com,2021-05-01,Ireland,8,Mid-Level,Development - Frontend,5,6
Mollie,Casper,wilhelm_hackett@yahoo.com,2020-01-24,Israel,7,Trainee,Design,4,7
Shanon,Stehr,wilhelm_flatley31@yahoo.com,2018-10-06,Hong Kong,10,Mid-Level,Security,2,3
Ron,Oberbrunner,wilhelm_durgan92@hotmail.com,2021-06-20,Niger,1,Lead,Development - Frontend,8,6
Kraig,Hilpert,wilhelm98@yahoo.com,2019-11-09,Marshall Islands,25,Lead,Data Engineer,7,10
Keegan,Goyette,wilhelm87@gmail.com,2019-03-13,Canada,17,Mid-Level,QA Manual,3,2
Malcolm,Mante,wilhelm76@hotmail.com,2018-11-30,Czech Republic,9,Lead,Security Compliance,3,4
Dejah,Cole,wilhelm76@hotmail.com,2020-01-20,Fiji,20,Mid-Level,QA Manual,1,10
Cicero,Dicki,wilhelm34@gmail.com,2020-08-22,Nauru,26,Junior,System Administration,2,3
Elisabeth,Aufderhar,wilhelm32@gmail.com,2019-07-29,Iran,3,Architect,System Administration,1,9
Elta,Kuhic,wilhelm30@yahoo.com,2020-02-19,Virgin Islands U.S.,17,Trainee,Data Engineer,6,3
Ozella,Anderson,wilhelm15@gmail.com,2020-06-29,Gabon,2,Senior,Salesforce,4,5
Angela,Zboncak,wilhelm.okon26@gmail.com,2019-09-01,Mexico,17,Intern,Security,6,6
Angel,Hodkiewicz,wilhelm.kozey@yahoo.com,2021-12-31,Rwanda,9,Architect,QA Manual,10,5
Johanna,Howell,wilhelm.hackett85@hotmail.com,2021-04-24,Bouvet Island (Bouvetoya),3,Trainee,Data Engineer,7,0
Bailee,Langworth,wilfrid_wisoky@yahoo.com,2019-12-14,Italy,30,Intern,DevOps,8,4
Susana,Will,wilfrid_rempel67@hotmail.com,2020-08-27,Japan,25,Lead,Technical Writing,7,8
Mose,Reinger,wilfrid_reinger71@gmail.com,2022-04-20,Japan,13,Senior,Development - Frontend,9,4
Zachery,Wehner,wilfrid_muller35@yahoo.com,2021-09-10,Jersey,29,Senior,Client Success,6,0
Tierra,Cummings,wilfrid_mills@gmail.com,2018-04-17,Trinidad and Tobago,29,Architect,DevOps,6,4
Elissa,Runte,wilfrid_mann@gmail.com,2021-09-03,Austria,6,Senior,Salesforce,4,0
Ezequiel,Kreiger,wilfrid_kovacek4@yahoo.com,2022-02-28,Luxembourg,6,Lead,QA Manual,2,5
Bernita,Marquardt,wilfrid_hessel47@hotmail.com,2021-11-15,Norfolk Island,22,Architect,Client Success,8,8
Uriel,Trantow,wilfrid89@hotmail.com,2018-03-10,Netherlands Antilles,20,Architect,Development - Frontend,10,4
Davion,Purdy,wilfrid62@gmail.com,2018-08-19,Burkina Faso,1,Trainee,Technical Writing,2,7
